ticker,time,open,high,low,close,volume
VC7,2024-09-04 02:00:00,9.0,9.0,9.0,9.0,10000
VC7,2024-09-04 02:04:00,9.4,9.4,9.4,9.4,9000
VC7,2024-09-04 02:06:00,9.4,9.4,9.4,9.4,4200
VC7,2024-09-04 02:07:00,9.3,9.3,9.3,9.3,100
VC7,2024-09-04 02:10:00,9.1,9.1,9.1,9.1,1000
VC7,2024-09-04 02:12:00,9.1,9.1,9.1,9.1,1000
VC7,2024-09-04 02:15:00,9.3,9.3,9.3,9.3,100
VC7,2024-09-04 02:26:00,9.2,9.2,9.2,9.2,100
VC7,2024-09-04 02:27:00,9.2,9.2,9.2,9.2,100
VC7,2024-09-04 02:33:00,9.1,9.1,9.1,9.1,6200
VC7,2024-09-04 02:41:00,9.2,9.2,9.2,9.2,100
VC7,2024-09-04 02:42:00,9.2,9.2,9.2,9.2,100
VC7,2024-09-04 02:44:00,9.2,9.2,9.2,9.2,200
VC7,2024-09-04 02:50:00,9.2,9.2,9.2,9.2,2000
VC7,2024-09-04 02:58:00,9.2,9.2,9.2,9.2,200
VC7,2024-09-04 02:59:00,9.2,9.2,9.1,9.1,200
VC7,2024-09-04 03:04:00,9.1,9.1,9.1,9.1,1500
VC7,2024-09-04 03:19:00,9.1,9.1,9.1,9.1,8000
VC7,2024-09-04 03:21:00,9.1,9.1,9.1,9.1,200
VC7,2024-09-04 03:25:00,9.1,9.1,9.1,9.1,1200
VC7,2024-09-04 03:27:00,9.1,9.1,9.1,9.1,400
VC7,2024-09-04 03:29:00,9.1,9.1,9.1,9.1,200
VC7,2024-09-04 03:32:00,9.1,9.1,9.1,9.1,200
VC7,2024-09-04 03:33:00,9.1,9.1,9.1,9.1,900
VC7,2024-09-04 03:42:00,9.1,9.1,9.1,9.1,200
VC7,2024-09-04 04:00:00,9.0,9.0,9.0,9.0,1000
VC7,2024-09-04 04:02:00,9.0,9.0,9.0,9.0,1000
VC7,2024-09-04 04:03:00,9.0,9.0,9.0,9.0,3000
VC7,2024-09-04 04:04:00,9.0,9.0,9.0,9.0,500
VC7,2024-09-04 04:06:00,9.1,9.1,9.1,9.1,400
VC7,2024-09-04 06:00:00,9.1,9.1,9.1,9.1,3100
VC7,2024-09-04 06:05:00,9.0,9.0,9.0,9.0,6800
VC7,2024-09-04 06:07:00,9.1,9.1,9.1,9.1,400
VC7,2024-09-04 06:09:00,9.1,9.1,9.0,9.0,1500
VC7,2024-09-04 06:16:00,9.1,9.1,9.1,9.1,100
VC7,2024-09-04 06:21:00,9.1,9.1,9.1,9.1,500
VC7,2024-09-04 06:22:00,9.1,9.1,9.1,9.1,3300
VC7,2024-09-04 06:29:00,9.1,9.1,9.1,9.1,300
VC7,2024-09-04 06:30:00,9.1,9.1,9.1,9.1,200
VC7,2024-09-04 06:32:00,9.1,9.2,9.1,9.2,200
VC7,2024-09-04 06:36:00,9.1,9.1,9.1,9.1,1000
VC7,2024-09-04 06:37:00,9.2,9.2,9.2,9.2,1400
VC7,2024-09-04 06:41:00,9.1,9.1,9.1,9.1,5000
VC7,2024-09-04 06:47:00,9.1,9.1,9.1,9.1,1500
VC7,2024-09-04 06:54:00,9.1,9.1,9.1,9.1,1000
VC7,2024-09-04 07:01:00,9.2,9.2,9.1,9.1,1600
VC7,2024-09-04 07:04:00,9.1,9.1,9.1,9.1,11300
VC7,2024-09-04 07:05:00,9.1,9.1,9.1,9.1,18700
VC7,2024-09-04 07:10:00,9.1,9.1,9.1,9.1,2300
VC7,2024-09-04 07:11:00,9.1,9.1,9.1,9.1,1000
VC7,2024-09-04 07:12:00,9.1,9.1,9.1,9.1,9000
VC7,2024-09-04 07:14:00,9.2,9.2,9.2,9.2,100
VC7,2024-09-04 07:20:00,9.2,9.2,9.2,9.2,200
VC7,2024-09-04 07:22:00,9.2,9.2,9.2,9.2,3500
VC7,2024-09-04 07:28:00,9.2,9.2,9.2,9.2,900
VC7,2024-09-04 07:45:00,9.1,9.1,9.1,9.1,700
VC7,2024-09-05 02:01:00,9.1,9.1,9.1,9.1,300
VC7,2024-09-05 02:05:00,9.2,9.2,9.2,9.2,100
VC7,2024-09-05 02:40:00,9.1,9.1,9.1,9.1,100
VC7,2024-09-05 02:42:00,9.2,9.2,9.2,9.2,100
VC7,2024-09-05 02:44:00,9.2,9.2,9.2,9.2,11300
VC7,2024-09-05 02:46:00,9.3,9.3,9.3,9.3,100
VC7,2024-09-05 02:49:00,9.2,9.2,9.2,9.2,300
VC7,2024-09-05 02:52:00,9.2,9.2,9.2,9.2,1500
VC7,2024-09-05 02:56:00,9.2,9.2,9.2,9.2,4000
VC7,2024-09-05 02:57:00,9.2,9.2,9.2,9.2,700
VC7,2024-09-05 03:00:00,9.2,9.2,9.2,9.2,200
VC7,2024-09-05 03:02:00,9.2,9.2,9.2,9.2,1600
VC7,2024-09-05 03:05:00,9.2,9.2,9.2,9.2,100
VC7,2024-09-05 03:11:00,9.2,9.2,9.2,9.2,700
VC7,2024-09-05 03:16:00,9.2,9.2,9.2,9.2,3700
VC7,2024-09-05 03:22:00,9.3,9.3,9.3,9.3,100
VC7,2024-09-05 03:27:00,9.3,9.3,9.3,9.3,400
VC7,2024-09-05 03:29:00,9.2,9.2,9.2,9.2,1000
VC7,2024-09-05 03:35:00,9.2,9.2,9.2,9.2,1000
VC7,2024-09-05 03:37:00,9.2,9.2,9.2,9.2,1300
VC7,2024-09-05 03:40:00,9.2,9.2,9.2,9.2,1000
VC7,2024-09-05 03:42:00,9.2,9.2,9.2,9.2,500
VC7,2024-09-05 03:45:00,9.1,9.1,9.1,9.1,5000
VC7,2024-09-05 03:51:00,9.2,9.2,9.2,9.2,100
VC7,2024-09-05 04:16:00,9.2,9.2,9.2,9.2,100
VC7,2024-09-05 04:29:00,9.2,9.2,9.2,9.2,8500
VC7,2024-09-05 06:03:00,9.1,9.1,9.1,9.1,200
VC7,2024-09-05 06:07:00,9.1,9.1,9.1,9.1,200
VC7,2024-09-05 06:36:00,9.1,9.1,9.1,9.1,200
VC7,2024-09-05 06:42:00,9.1,9.1,9.1,9.1,200
VC7,2024-09-05 06:46:00,9.2,9.2,9.2,9.2,2000
VC7,2024-09-05 06:54:00,9.1,9.1,9.1,9.1,3000
VC7,2024-09-05 06:57:00,9.2,9.2,9.1,9.1,3100
VC7,2024-09-05 06:58:00,9.1,9.1,9.1,9.1,2000
VC7,2024-09-05 06:59:00,9.1,9.1,9.1,9.1,11000
VC7,2024-09-05 07:00:00,9.1,9.1,9.1,9.1,500
VC7,2024-09-05 07:01:00,9.1,9.1,9.1,9.1,3000
VC7,2024-09-05 07:02:00,9.1,9.1,9.1,9.1,1500
VC7,2024-09-05 07:03:00,9.1,9.2,9.1,9.2,1100
VC7,2024-09-05 07:07:00,9.1,9.1,9.1,9.1,200
VC7,2024-09-05 07:09:00,9.1,9.1,9.1,9.1,200
VC7,2024-09-05 07:13:00,9.1,9.1,9.1,9.1,2600
VC7,2024-09-05 07:16:00,9.0,9.1,9.0,9.1,1100
VC7,2024-09-05 07:17:00,9.0,9.1,9.0,9.1,400
VC7,2024-09-05 07:22:00,9.0,9.0,9.0,9.0,12700
VC7,2024-09-05 07:24:00,9.0,9.0,9.0,9.0,500
VC7,2024-09-05 07:25:00,9.0,9.0,9.0,9.0,2000
VC7,2024-09-05 07:45:00,9.1,9.1,9.1,9.1,1700
VC7,2024-09-06 02:00:00,9.0,9.0,9.0,9.0,700
VC7,2024-09-06 02:05:00,9.1,9.1,9.1,9.1,100
VC7,2024-09-06 02:23:00,9.0,9.0,9.0,9.0,100
VC7,2024-09-06 02:37:00,9.0,9.0,9.0,9.0,1000
VC7,2024-09-06 02:40:00,9.0,9.0,9.0,9.0,1000
VC7,2024-09-06 02:44:00,9.1,9.1,9.1,9.1,200
VC7,2024-09-06 02:56:00,9.1,9.1,9.1,9.1,100
VC7,2024-09-06 02:59:00,9.1,9.1,9.1,9.1,100
VC7,2024-09-06 03:08:00,9.1,9.1,9.1,9.1,100
VC7,2024-09-06 03:28:00,9.1,9.1,9.1,9.1,100
VC7,2024-09-06 03:46:00,9.0,9.0,9.0,9.0,7000
VC7,2024-09-06 03:47:00,9.1,9.1,9.1,9.1,100
VC7,2024-09-06 03:48:00,9.0,9.0,9.0,9.0,10900
VC7,2024-09-06 03:49:00,9.0,9.0,9.0,9.0,100
VC7,2024-09-06 04:12:00,9.0,9.0,9.0,9.0,1200
VC7,2024-09-06 04:15:00,9.0,9.0,9.0,9.0,700
VC7,2024-09-06 04:25:00,9.0,9.0,9.0,9.0,100
VC7,2024-09-06 06:00:00,9.0,9.0,9.0,9.0,3100
VC7,2024-09-06 06:02:00,9.0,9.0,9.0,9.0,1200
VC7,2024-09-06 06:14:00,9.0,9.0,9.0,9.0,2100
VC7,2024-09-06 06:16:00,9.0,9.0,9.0,9.0,1000
VC7,2024-09-06 06:18:00,9.0,9.0,9.0,9.0,200
VC7,2024-09-06 06:19:00,8.9,8.9,8.9,8.9,17000
VC7,2024-09-06 06:20:00,8.9,8.9,8.9,8.9,2900
VC7,2024-09-06 06:22:00,9.0,9.0,9.0,9.0,300
VC7,2024-09-06 06:25:00,9.0,9.0,9.0,9.0,2800
VC7,2024-09-06 06:28:00,9.0,9.0,9.0,9.0,500
VC7,2024-09-06 06:30:00,9.0,9.0,9.0,9.0,600
VC7,2024-09-06 06:31:00,9.0,9.0,9.0,9.0,100
VC7,2024-09-06 06:33:00,8.9,8.9,8.9,8.9,10000
VC7,2024-09-06 06:37:00,8.9,8.9,8.9,8.9,3500
VC7,2024-09-06 06:39:00,8.9,8.9,8.9,8.9,100
VC7,2024-09-06 06:41:00,9.0,9.0,9.0,9.0,1000
VC7,2024-09-06 06:48:00,9.0,9.0,9.0,9.0,100
VC7,2024-09-06 06:49:00,8.9,9.0,8.9,9.0,3100
VC7,2024-09-06 06:50:00,8.9,8.9,8.9,8.9,4100
VC7,2024-09-06 06:51:00,8.9,8.9,8.9,8.9,900
VC7,2024-09-06 06:53:00,8.9,8.9,8.9,8.9,200
VC7,2024-09-06 06:55:00,8.9,8.9,8.9,8.9,100
VC7,2024-09-06 06:57:00,9.0,9.0,9.0,9.0,300
VC7,2024-09-06 07:00:00,9.0,9.0,9.0,9.0,3000
VC7,2024-09-06 07:02:00,9.0,9.0,9.0,9.0,1000
VC7,2024-09-06 07:04:00,9.0,9.0,9.0,9.0,11000
VC7,2024-09-06 07:06:00,9.0,9.0,9.0,9.0,1100
VC7,2024-09-06 07:08:00,8.9,8.9,8.9,8.9,3500
VC7,2024-09-06 07:11:00,8.9,8.9,8.9,8.9,3000
VC7,2024-09-06 07:14:00,9.0,9.0,9.0,9.0,1100
VC7,2024-09-06 07:16:00,9.0,9.0,9.0,9.0,100
VC7,2024-09-06 07:22:00,9.0,9.0,9.0,9.0,400
VC7,2024-09-06 07:24:00,9.0,9.0,9.0,9.0,500
VC7,2024-09-06 07:25:00,9.0,9.0,9.0,9.0,200
VC7,2024-09-06 07:26:00,9.0,9.0,9.0,9.0,3200
VC7,2024-09-06 07:27:00,9.0,9.0,8.9,8.9,9900
VC7,2024-09-06 07:29:00,8.9,8.9,8.9,8.9,26000
VC7,2024-09-06 07:45:00,8.9,8.9,8.9,8.9,11700
VC7,2024-09-09 02:17:00,8.9,8.9,8.9,8.9,200
VC7,2024-09-09 02:25:00,8.9,8.9,8.8,8.8,500
VC7,2024-09-09 02:26:00,8.8,8.8,8.8,8.8,1500
VC7,2024-09-09 02:27:00,8.9,8.9,8.9,8.9,2500
VC7,2024-09-09 02:28:00,8.9,8.9,8.9,8.9,400
VC7,2024-09-09 02:29:00,8.9,8.9,8.9,8.9,1600
VC7,2024-09-09 02:30:00,8.9,8.9,8.9,8.9,800
VC7,2024-09-09 02:32:00,8.8,8.8,8.8,8.8,1500
VC7,2024-09-09 02:33:00,8.8,8.8,8.8,8.8,1000
VC7,2024-09-09 02:37:00,8.8,8.8,8.8,8.8,2000
VC7,2024-09-09 02:44:00,8.8,8.8,8.8,8.8,5000
VC7,2024-09-09 02:46:00,8.9,8.9,8.9,8.9,200
VC7,2024-09-09 02:50:00,8.9,8.9,8.9,8.9,7800
VC7,2024-09-09 02:55:00,8.9,8.9,8.9,8.9,200
VC7,2024-09-09 03:15:00,8.8,8.8,8.8,8.8,200
VC7,2024-09-09 03:24:00,8.9,8.9,8.9,8.9,300
VC7,2024-09-09 03:38:00,8.8,8.8,8.8,8.8,300
VC7,2024-09-09 03:48:00,8.8,8.8,8.8,8.8,5000
VC7,2024-09-09 03:59:00,8.8,8.8,8.8,8.8,10000
VC7,2024-09-09 04:04:00,8.8,8.8,8.8,8.8,8000
VC7,2024-09-09 04:05:00,8.8,8.8,8.8,8.8,10000
VC7,2024-09-09 04:24:00,8.8,8.8,8.8,8.8,800
VC7,2024-09-09 04:25:00,8.8,8.8,8.8,8.8,1800
VC7,2024-09-09 04:28:00,8.8,8.8,8.8,8.8,800
VC7,2024-09-09 06:00:00,8.8,8.8,8.8,8.8,2000
VC7,2024-09-09 06:02:00,8.8,8.8,8.8,8.8,6100
VC7,2024-09-09 06:04:00,8.7,8.7,8.7,8.7,2300
VC7,2024-09-09 06:09:00,8.7,8.7,8.7,8.7,600
VC7,2024-09-09 06:19:00,8.7,8.7,8.7,8.7,10000
VC7,2024-09-09 06:21:00,8.7,8.7,8.7,8.7,300
VC7,2024-09-09 06:22:00,8.7,8.7,8.7,8.7,2000
VC7,2024-09-09 06:23:00,8.7,8.7,8.7,8.7,700
VC7,2024-09-09 06:32:00,8.8,8.8,8.8,8.8,100
VC7,2024-09-09 06:40:00,8.8,8.8,8.8,8.8,100
VC7,2024-09-09 06:48:00,8.8,8.8,8.8,8.8,1000
VC7,2024-09-09 07:00:00,8.8,8.8,8.8,8.8,100
VC7,2024-09-09 07:04:00,8.7,8.7,8.7,8.7,7500
VC7,2024-09-09 07:05:00,8.7,8.7,8.7,8.7,2000
VC7,2024-09-09 07:08:00,8.7,8.7,8.7,8.7,1500
VC7,2024-09-09 07:13:00,8.8,8.8,8.8,8.8,1500
VC7,2024-09-09 07:20:00,8.8,8.8,8.8,8.8,100
VC7,2024-09-09 07:26:00,8.7,8.7,8.7,8.7,100
VC7,2024-09-09 07:27:00,8.7,8.7,8.7,8.7,4600
VC7,2024-09-09 07:28:00,8.7,8.7,8.7,8.7,500
VC7,2024-09-09 07:29:00,8.7,8.7,8.7,8.7,1000
VC7,2024-09-09 07:45:00,8.7,8.7,8.7,8.7,7100
VC7,2024-09-10 02:00:00,8.7,8.7,8.7,8.7,100
VC7,2024-09-10 02:02:00,8.7,8.7,8.7,8.7,700
VC7,2024-09-10 02:03:00,8.7,8.7,8.7,8.7,200
VC7,2024-09-10 02:05:00,8.7,8.7,8.7,8.7,1800
VC7,2024-09-10 02:10:00,8.8,8.8,8.8,8.8,2000
VC7,2024-09-10 02:15:00,8.8,8.8,8.8,8.8,100
VC7,2024-09-10 02:16:00,8.8,8.8,8.8,8.8,900
VC7,2024-09-10 02:17:00,8.7,8.7,8.7,8.7,500
VC7,2024-09-10 02:22:00,8.8,8.8,8.8,8.8,1200
VC7,2024-09-10 02:27:00,8.8,8.8,8.8,8.8,1800
VC7,2024-09-10 02:32:00,8.8,8.8,8.8,8.8,1000
VC7,2024-09-10 02:36:00,8.8,8.8,8.8,8.8,100
VC7,2024-09-10 02:47:00,8.8,8.8,8.8,8.8,100
VC7,2024-09-10 03:01:00,8.7,8.7,8.7,8.7,1400
VC7,2024-09-10 03:10:00,8.8,8.8,8.8,8.8,2000
VC7,2024-09-10 03:26:00,8.7,8.7,8.7,8.7,5000
VC7,2024-09-10 03:27:00,8.8,8.8,8.8,8.8,200
VC7,2024-09-10 03:37:00,8.8,8.8,8.8,8.8,100
VC7,2024-09-10 03:52:00,8.7,8.7,8.7,8.7,2000
VC7,2024-09-10 03:57:00,8.7,8.7,8.7,8.7,600
VC7,2024-09-10 04:03:00,8.7,8.7,8.7,8.7,100
VC7,2024-09-10 04:16:00,8.7,8.7,8.7,8.7,10000
VC7,2024-09-10 04:17:00,8.7,8.7,8.7,8.7,2000
VC7,2024-09-10 04:24:00,8.7,8.7,8.7,8.7,4800
VC7,2024-09-10 06:00:00,8.7,8.7,8.7,8.7,200
VC7,2024-09-10 06:10:00,8.6,8.6,8.6,8.6,5000
VC7,2024-09-10 06:14:00,8.6,8.6,8.6,8.6,3400
VC7,2024-09-10 06:15:00,8.6,8.6,8.6,8.6,100
VC7,2024-09-10 06:19:00,8.6,8.6,8.6,8.6,2000
VC7,2024-09-10 06:28:00,8.6,8.6,8.6,8.6,600
VC7,2024-09-10 06:29:00,8.6,8.6,8.6,8.6,4200
VC7,2024-09-10 06:34:00,8.6,8.6,8.6,8.6,600
VC7,2024-09-10 06:35:00,8.6,8.6,8.6,8.6,1200
VC7,2024-09-10 06:37:00,8.6,8.6,8.6,8.6,3200
VC7,2024-09-10 06:38:00,8.6,8.6,8.6,8.6,3000
VC7,2024-09-10 06:43:00,8.6,8.6,8.6,8.6,100
VC7,2024-09-10 06:45:00,8.6,8.6,8.6,8.6,2300
VC7,2024-09-10 06:49:00,8.6,8.6,8.6,8.6,2600
VC7,2024-09-10 06:50:00,8.6,8.6,8.6,8.6,12900
VC7,2024-09-10 06:51:00,8.6,8.6,8.6,8.6,100
VC7,2024-09-10 07:04:00,8.7,8.7,8.7,8.7,200
VC7,2024-09-10 07:08:00,8.7,8.7,8.7,8.7,100
VC7,2024-09-10 07:11:00,8.7,8.7,8.7,8.7,100
VC7,2024-09-10 07:15:00,8.6,8.6,8.6,8.6,2000
VC7,2024-09-10 07:17:00,8.6,8.6,8.5,8.5,400
VC7,2024-09-10 07:19:00,8.5,8.5,8.5,8.5,5000
VC7,2024-09-10 07:21:00,8.5,8.5,8.5,8.5,1100
VC7,2024-09-10 07:23:00,8.5,8.5,8.5,8.5,100
VC7,2024-09-10 07:26:00,8.6,8.6,8.6,8.6,3400
VC7,2024-09-10 07:28:00,8.6,8.6,8.6,8.6,100
VC7,2024-09-10 07:29:00,8.6,8.6,8.6,8.6,3200
VC7,2024-09-10 07:45:00,8.6,8.6,8.6,8.6,1600
VC7,2024-09-11 02:23:00,8.6,8.6,8.6,8.6,200
VC7,2024-09-11 02:37:00,8.6,8.6,8.6,8.6,100
VC7,2024-09-11 02:43:00,8.5,8.5,8.5,8.5,13500
VC7,2024-09-11 02:44:00,8.5,8.5,8.5,8.5,200
VC7,2024-09-11 02:45:00,8.5,8.5,8.5,8.5,300
VC7,2024-09-11 02:52:00,8.5,8.5,8.5,8.5,3000
VC7,2024-09-11 03:06:00,8.5,8.5,8.5,8.5,3200
VC7,2024-09-11 03:07:00,8.5,8.5,8.5,8.5,4800
VC7,2024-09-11 03:08:00,8.4,8.4,8.4,8.4,5800
VC7,2024-09-11 03:11:00,8.4,8.4,8.4,8.4,200
VC7,2024-09-11 03:12:00,8.4,8.4,8.4,8.4,1000
VC7,2024-09-11 03:14:00,8.4,8.4,8.4,8.4,900
VC7,2024-09-11 03:18:00,8.4,8.4,8.4,8.4,400
VC7,2024-09-11 03:19:00,8.4,8.4,8.4,8.4,200
VC7,2024-09-11 03:21:00,8.4,8.4,8.4,8.4,7500
VC7,2024-09-11 03:24:00,8.4,8.4,8.4,8.4,200
VC7,2024-09-11 03:25:00,8.4,8.4,8.4,8.4,200
VC7,2024-09-11 03:26:00,8.4,8.4,8.4,8.4,1100
VC7,2024-09-11 03:40:00,8.4,8.4,8.4,8.4,6400
VC7,2024-09-11 03:41:00,8.4,8.4,8.4,8.4,3800
VC7,2024-09-11 03:44:00,8.4,8.4,8.4,8.4,400
VC7,2024-09-11 03:55:00,8.4,8.4,8.4,8.4,300
VC7,2024-09-11 03:56:00,8.4,8.4,8.4,8.4,13100
VC7,2024-09-11 04:11:00,8.5,8.5,8.5,8.5,2600
VC7,2024-09-11 04:14:00,8.5,8.5,8.5,8.5,600
VC7,2024-09-11 04:25:00,8.4,8.4,8.4,8.4,100
VC7,2024-09-11 06:04:00,8.4,8.4,8.4,8.4,1500
VC7,2024-09-11 06:20:00,8.4,8.4,8.4,8.4,1000
VC7,2024-09-11 06:36:00,8.5,8.5,8.5,8.5,1100
VC7,2024-09-11 06:39:00,8.5,8.5,8.5,8.5,1500
VC7,2024-09-11 06:40:00,8.5,8.5,8.5,8.5,2500
VC7,2024-09-11 06:41:00,8.5,8.5,8.5,8.5,300
VC7,2024-09-11 06:42:00,8.5,8.5,8.5,8.5,1200
VC7,2024-09-11 06:46:00,8.5,8.5,8.5,8.5,100
VC7,2024-09-11 06:58:00,8.5,8.5,8.5,8.5,100
VC7,2024-09-11 07:02:00,8.5,8.5,8.5,8.5,100
VC7,2024-09-11 07:03:00,8.5,8.5,8.5,8.5,400
VC7,2024-09-11 07:05:00,8.5,8.5,8.5,8.5,1100
VC7,2024-09-11 07:07:00,8.5,8.5,8.5,8.5,100
VC7,2024-09-11 07:10:00,8.5,8.5,8.5,8.5,5000
VC7,2024-09-11 07:12:00,8.5,8.5,8.5,8.5,10800
VC7,2024-09-11 07:16:00,8.5,8.5,8.5,8.5,700
VC7,2024-09-11 07:17:00,8.5,8.5,8.5,8.5,5700
VC7,2024-09-11 07:19:00,8.5,8.5,8.5,8.5,6600
VC7,2024-09-11 07:20:00,8.5,8.5,8.5,8.5,200
VC7,2024-09-11 07:29:00,8.5,8.5,8.5,8.5,100
VC7,2024-09-11 07:45:00,8.4,8.4,8.4,8.4,8100
VC7,2024-09-12 02:01:00,8.5,8.5,8.5,8.5,100
VC7,2024-09-12 02:25:00,8.7,8.7,8.7,8.7,500
VC7,2024-09-12 02:29:00,8.6,8.6,8.6,8.6,100
VC7,2024-09-12 02:35:00,8.6,8.6,8.6,8.6,700
VC7,2024-09-12 02:37:00,8.6,8.6,8.6,8.6,1100
VC7,2024-09-12 02:46:00,8.6,8.6,8.6,8.6,100
VC7,2024-09-12 02:52:00,8.6,8.6,8.6,8.6,10000
VC7,2024-09-12 02:56:00,8.6,8.6,8.6,8.6,200
VC7,2024-09-12 02:57:00,8.6,8.6,8.6,8.6,5000
VC7,2024-09-12 03:07:00,8.6,8.6,8.6,8.6,3200
VC7,2024-09-12 03:08:00,8.6,8.6,8.6,8.6,4000
VC7,2024-09-12 03:10:00,8.5,8.5,8.5,8.5,400
VC7,2024-09-12 03:11:00,8.5,8.5,8.5,8.5,500
VC7,2024-09-12 03:13:00,8.5,8.5,8.5,8.5,600
VC7,2024-09-12 03:24:00,8.5,8.5,8.5,8.5,20300
VC7,2024-09-12 04:04:00,8.5,8.5,8.5,8.5,1500
VC7,2024-09-12 04:06:00,8.5,8.5,8.5,8.5,500
VC7,2024-09-12 06:00:00,8.6,8.6,8.6,8.6,1000
VC7,2024-09-12 06:08:00,8.5,8.6,8.5,8.6,300
VC7,2024-09-12 06:10:00,8.5,8.5,8.5,8.5,200
VC7,2024-09-12 06:20:00,8.5,8.5,8.5,8.5,7400
VC7,2024-09-12 06:37:00,8.5,8.5,8.5,8.5,100
VC7,2024-09-12 06:40:00,8.6,8.6,8.6,8.6,100
VC7,2024-09-12 06:43:00,8.6,8.6,8.6,8.6,100
VC7,2024-09-12 06:46:00,8.6,8.6,8.6,8.6,200
VC7,2024-09-12 06:50:00,8.6,8.6,8.6,8.6,5000
VC7,2024-09-12 06:51:00,8.6,8.6,8.6,8.6,400
VC7,2024-09-12 06:59:00,8.6,8.6,8.6,8.6,500
VC7,2024-09-12 07:00:00,8.6,8.6,8.6,8.6,200
VC7,2024-09-12 07:01:00,8.6,8.6,8.6,8.6,200
VC7,2024-09-12 07:05:00,8.6,8.6,8.6,8.6,100
VC7,2024-09-12 07:13:00,8.6,8.6,8.6,8.6,500
VC7,2024-09-12 07:14:00,8.6,8.6,8.6,8.6,1100
VC7,2024-09-12 07:15:00,8.6,8.6,8.6,8.6,100
VC7,2024-09-12 07:20:00,8.6,8.6,8.6,8.6,21800
VC7,2024-09-12 07:22:00,8.7,8.7,8.7,8.7,100
VC7,2024-09-12 07:25:00,8.6,8.6,8.6,8.6,100
VC7,2024-09-12 07:26:00,8.6,8.7,8.6,8.7,7500
VC7,2024-09-12 07:27:00,8.6,8.6,8.6,8.6,500
VC7,2024-09-12 07:45:00,8.5,8.5,8.5,8.5,1500
VC7,2024-09-13 02:02:00,8.7,8.7,8.7,8.7,100
VC7,2024-09-13 02:16:00,8.5,8.5,8.5,8.5,5000
VC7,2024-09-13 02:18:00,8.5,8.5,8.5,8.5,5000
VC7,2024-09-13 02:45:00,8.5,8.5,8.5,8.5,20400
VC7,2024-09-13 02:50:00,8.5,8.5,8.5,8.5,2700
VC7,2024-09-13 03:47:00,8.6,8.6,8.6,8.6,100
VC7,2024-09-13 06:00:00,8.5,8.5,8.5,8.5,100
VC7,2024-09-13 06:12:00,8.5,8.5,8.5,8.5,1500
VC7,2024-09-13 06:14:00,8.5,8.5,8.5,8.5,800
VC7,2024-09-13 06:22:00,8.5,8.5,8.5,8.5,300
VC7,2024-09-13 06:27:00,8.5,8.5,8.5,8.5,6900
VC7,2024-09-13 06:34:00,8.5,8.5,8.5,8.5,500
VC7,2024-09-13 06:38:00,8.5,8.5,8.5,8.5,300
VC7,2024-09-13 06:44:00,8.5,8.5,8.5,8.5,200
VC7,2024-09-13 06:52:00,8.5,8.5,8.5,8.5,4600
VC7,2024-09-13 06:53:00,8.5,8.5,8.5,8.5,3000
VC7,2024-09-13 06:54:00,8.5,8.5,8.5,8.5,2800
VC7,2024-09-13 06:57:00,8.5,8.5,8.5,8.5,100
VC7,2024-09-13 07:09:00,8.6,8.6,8.6,8.6,2400
VC7,2024-09-13 07:18:00,8.7,8.7,8.7,8.7,200
VC7,2024-09-13 07:20:00,8.6,8.6,8.6,8.6,1000
VC7,2024-09-13 07:26:00,8.5,8.5,8.5,8.5,1000
VC7,2024-09-13 07:45:00,8.7,8.7,8.7,8.7,2000
VC7,2024-09-16 02:00:00,8.6,8.6,8.6,8.6,600
VC7,2024-09-16 02:10:00,8.6,8.6,8.6,8.6,400
VC7,2024-09-16 02:14:00,8.6,8.6,8.6,8.6,100
VC7,2024-09-16 02:20:00,8.6,8.6,8.6,8.6,100
VC7,2024-09-16 02:35:00,8.7,8.7,8.7,8.7,100
VC7,2024-09-16 02:39:00,8.7,8.7,8.7,8.7,2400
VC7,2024-09-16 02:42:00,8.7,8.7,8.7,8.7,2700
VC7,2024-09-16 02:43:00,8.7,8.7,8.7,8.7,100
VC7,2024-09-16 02:45:00,8.7,8.7,8.7,8.7,7200
VC7,2024-09-16 02:56:00,8.8,8.8,8.8,8.8,100
VC7,2024-09-16 03:13:00,8.7,8.7,8.7,8.7,100
VC7,2024-09-16 03:14:00,8.7,8.7,8.7,8.7,900
VC7,2024-09-16 03:23:00,8.7,8.7,8.7,8.7,5000
VC7,2024-09-16 03:35:00,8.7,8.7,8.7,8.7,4000
VC7,2024-09-16 04:04:00,8.6,8.6,8.6,8.6,1500
VC7,2024-09-16 04:07:00,8.6,8.6,8.6,8.6,600
VC7,2024-09-16 04:13:00,8.6,8.6,8.6,8.6,1000
VC7,2024-09-16 04:14:00,8.6,8.6,8.6,8.6,200
VC7,2024-09-16 04:25:00,8.6,8.6,8.6,8.6,100
VC7,2024-09-16 04:29:00,8.6,8.6,8.6,8.6,400
VC7,2024-09-16 06:00:00,8.6,8.6,8.6,8.6,3600
VC7,2024-09-16 06:11:00,8.6,8.6,8.6,8.6,500
VC7,2024-09-16 06:21:00,8.6,8.6,8.6,8.6,1100
VC7,2024-09-16 06:25:00,8.6,8.6,8.6,8.6,500
VC7,2024-09-16 06:33:00,8.5,8.5,8.5,8.5,500
VC7,2024-09-16 06:36:00,8.5,8.5,8.5,8.5,7000
VC7,2024-09-16 06:39:00,8.6,8.6,8.6,8.6,2000
VC7,2024-09-16 06:43:00,8.6,8.6,8.5,8.5,1500
VC7,2024-09-16 06:44:00,8.5,8.5,8.5,8.5,500
VC7,2024-09-16 06:49:00,8.5,8.5,8.5,8.5,10000
VC7,2024-09-16 06:50:00,8.5,8.5,8.5,8.5,400
VC7,2024-09-16 06:54:00,8.5,8.5,8.5,8.5,400
VC7,2024-09-16 06:55:00,8.5,8.5,8.5,8.5,1000
VC7,2024-09-16 07:00:00,8.6,8.6,8.6,8.6,8000
VC7,2024-09-16 07:05:00,8.6,8.6,8.6,8.6,300
VC7,2024-09-16 07:22:00,8.6,8.6,8.6,8.6,4900
VC7,2024-09-16 07:26:00,8.6,8.6,8.6,8.6,600
VC7,2024-09-16 07:27:00,8.6,8.6,8.6,8.6,1900
VC7,2024-09-16 07:45:00,8.6,8.6,8.6,8.6,8800
VC7,2024-09-17 02:20:00,8.5,8.5,8.5,8.5,500
VC7,2024-09-17 02:21:00,8.6,8.6,8.6,8.6,300
VC7,2024-09-17 02:22:00,8.6,8.6,8.6,8.6,200
VC7,2024-09-17 02:35:00,8.5,8.5,8.5,8.5,600
VC7,2024-09-17 02:37:00,8.6,8.6,8.6,8.6,100
VC7,2024-09-17 02:45:00,8.5,8.5,8.5,8.5,900
VC7,2024-09-17 03:03:00,8.5,8.5,8.5,8.5,1100
VC7,2024-09-17 03:04:00,8.5,8.5,8.5,8.5,2900
VC7,2024-09-17 03:05:00,8.5,8.6,8.5,8.6,1100
VC7,2024-09-17 03:23:00,8.6,8.6,8.6,8.6,1000
VC7,2024-09-17 03:24:00,8.6,8.6,8.6,8.6,18800
VC7,2024-09-17 03:28:00,8.6,8.7,8.6,8.7,15300
VC7,2024-09-17 03:30:00,8.7,8.7,8.7,8.7,3000
VC7,2024-09-17 03:32:00,8.7,8.7,8.7,8.7,1200
VC7,2024-09-17 03:34:00,8.6,8.6,8.6,8.6,600
VC7,2024-09-17 03:37:00,8.7,8.7,8.7,8.7,1100
VC7,2024-09-17 03:41:00,8.8,8.8,8.8,8.8,11300
VC7,2024-09-17 03:42:00,8.8,8.8,8.8,8.8,1700
VC7,2024-09-17 03:43:00,8.7,8.8,8.6,8.6,5400
VC7,2024-09-17 03:45:00,8.8,8.8,8.8,8.8,100
VC7,2024-09-17 03:51:00,8.8,8.8,8.8,8.8,200
VC7,2024-09-17 03:55:00,8.7,8.7,8.7,8.7,5000
VC7,2024-09-17 04:09:00,8.7,8.7,8.7,8.7,100
VC7,2024-09-17 06:01:00,8.7,8.7,8.7,8.7,5000
VC7,2024-09-17 06:18:00,8.7,8.7,8.7,8.7,4100
VC7,2024-09-17 06:25:00,8.7,8.7,8.7,8.7,200
VC7,2024-09-17 06:33:00,8.7,8.7,8.7,8.7,1400
VC7,2024-09-17 06:34:00,8.6,8.6,8.6,8.6,5000
VC7,2024-09-17 06:42:00,8.6,8.6,8.6,8.6,1000
VC7,2024-09-17 06:55:00,8.7,8.7,8.7,8.7,500
VC7,2024-09-17 06:56:00,8.7,8.7,8.7,8.7,100
VC7,2024-09-17 06:58:00,8.7,8.7,8.7,8.7,6000
VC7,2024-09-17 06:59:00,8.7,8.7,8.7,8.7,12000
VC7,2024-09-17 07:00:00,8.7,8.7,8.7,8.7,1000
VC7,2024-09-17 07:02:00,8.7,8.7,8.7,8.7,100
VC7,2024-09-17 07:05:00,8.7,8.7,8.7,8.7,500
VC7,2024-09-17 07:11:00,8.7,8.7,8.7,8.7,700
VC7,2024-09-17 07:19:00,8.7,8.7,8.7,8.7,400
VC7,2024-09-17 07:20:00,8.7,8.7,8.7,8.7,400
VC7,2024-09-17 07:21:00,8.7,8.7,8.7,8.7,500
VC7,2024-09-17 07:22:00,8.7,8.7,8.7,8.7,300
VC7,2024-09-17 07:25:00,8.8,8.8,8.8,8.8,3000
VC7,2024-09-17 07:26:00,8.8,8.8,8.8,8.8,8000
VC7,2024-09-17 07:27:00,8.8,8.8,8.8,8.8,20000
VC7,2024-09-17 07:28:00,8.8,8.8,8.8,8.8,10000
VC7,2024-09-17 07:45:00,8.7,8.7,8.7,8.7,700
VC7,2024-09-18 02:15:00,8.8,8.8,8.8,8.8,100
VC7,2024-09-18 02:16:00,8.8,8.8,8.8,8.8,400
VC7,2024-09-18 02:17:00,8.9,9.0,8.9,9.0,4300
VC7,2024-09-18 02:18:00,9.0,9.0,9.0,9.0,3100
VC7,2024-09-18 02:19:00,8.9,8.9,8.9,8.9,6400
VC7,2024-09-18 02:20:00,8.9,8.9,8.9,8.9,400
VC7,2024-09-18 02:21:00,8.9,8.9,8.9,8.9,1300
VC7,2024-09-18 02:22:00,9.0,9.0,8.9,8.9,14500
VC7,2024-09-18 02:23:00,8.9,8.9,8.9,8.9,5000
VC7,2024-09-18 02:24:00,8.9,8.9,8.9,8.9,200
VC7,2024-09-18 02:26:00,8.9,8.9,8.9,8.9,1000
VC7,2024-09-18 02:27:00,8.9,9.0,8.9,9.0,1200
VC7,2024-09-18 02:30:00,9.0,9.0,9.0,9.0,100
VC7,2024-09-18 02:31:00,9.0,9.0,8.9,8.9,5100
VC7,2024-09-18 02:32:00,8.9,9.0,8.9,9.0,14800
VC7,2024-09-18 02:33:00,9.1,9.2,9.0,9.1,18400
VC7,2024-09-18 02:34:00,9.2,9.4,9.2,9.4,34800
VC7,2024-09-18 02:35:00,9.4,9.4,9.3,9.3,16000
VC7,2024-09-18 02:36:00,9.4,9.4,9.4,9.4,21900
VC7,2024-09-18 02:37:00,9.4,9.4,9.4,9.4,5300
VC7,2024-09-18 02:38:00,9.3,9.4,9.3,9.4,2900
VC7,2024-09-18 02:39:00,9.4,9.4,9.4,9.4,1500
VC7,2024-09-18 02:40:00,9.4,9.4,9.4,9.4,2300
VC7,2024-09-18 02:41:00,9.4,9.4,9.4,9.4,5000
VC7,2024-09-18 02:42:00,9.3,9.4,9.3,9.4,9000
VC7,2024-09-18 02:45:00,9.3,9.3,9.3,9.3,24400
VC7,2024-09-18 02:46:00,9.3,9.3,9.2,9.3,12100
VC7,2024-09-18 02:47:00,9.3,9.3,9.3,9.3,1100
VC7,2024-09-18 02:48:00,9.2,9.2,9.2,9.2,22000
VC7,2024-09-18 02:49:00,9.2,9.2,9.2,9.2,9600
VC7,2024-09-18 02:50:00,9.2,9.2,9.2,9.2,1000
VC7,2024-09-18 02:53:00,9.2,9.2,9.2,9.2,200
VC7,2024-09-18 02:57:00,9.2,9.2,9.2,9.2,5000
VC7,2024-09-18 02:58:00,9.2,9.2,9.2,9.2,1000
VC7,2024-09-18 02:59:00,9.2,9.2,9.2,9.2,1000
VC7,2024-09-18 03:00:00,9.2,9.2,9.2,9.2,1000
VC7,2024-09-18 03:01:00,9.2,9.2,9.2,9.2,1000
VC7,2024-09-18 03:03:00,9.2,9.2,9.2,9.2,2800
VC7,2024-09-18 03:05:00,9.2,9.2,9.2,9.2,200
VC7,2024-09-18 03:06:00,9.2,9.2,9.2,9.2,800
VC7,2024-09-18 03:07:00,9.2,9.2,9.2,9.2,1000
VC7,2024-09-18 03:15:00,9.2,9.2,9.2,9.2,100
VC7,2024-09-18 03:16:00,9.2,9.2,9.2,9.2,100
VC7,2024-09-18 03:18:00,9.2,9.2,9.2,9.2,300
VC7,2024-09-18 03:19:00,9.2,9.2,9.2,9.2,200
VC7,2024-09-18 03:20:00,9.2,9.3,9.2,9.3,400
VC7,2024-09-18 03:22:00,9.3,9.3,9.2,9.2,1100
VC7,2024-09-18 03:25:00,9.2,9.2,9.2,9.2,4000
VC7,2024-09-18 03:35:00,9.2,9.2,9.2,9.2,100
VC7,2024-09-18 03:37:00,9.2,9.2,9.2,9.2,500
VC7,2024-09-18 03:41:00,9.3,9.3,9.3,9.3,12200
VC7,2024-09-18 03:42:00,9.3,9.3,9.3,9.3,700
VC7,2024-09-18 03:43:00,9.3,9.3,9.3,9.3,4000
VC7,2024-09-18 03:44:00,9.3,9.3,9.3,9.3,3000
VC7,2024-09-18 03:45:00,9.4,9.4,9.4,9.4,3800
VC7,2024-09-18 03:46:00,9.4,9.4,9.4,9.4,5000
VC7,2024-09-18 03:47:00,9.4,9.4,9.4,9.4,1800
VC7,2024-09-18 03:48:00,9.4,9.4,9.3,9.4,9000
VC7,2024-09-18 03:49:00,9.4,9.4,9.4,9.4,600
VC7,2024-09-18 03:50:00,9.4,9.4,9.4,9.4,1300
VC7,2024-09-18 03:54:00,9.3,9.3,9.3,9.3,1300
VC7,2024-09-18 04:00:00,9.3,9.3,9.3,9.3,2000
VC7,2024-09-18 04:01:00,9.3,9.3,9.3,9.3,5000
VC7,2024-09-18 04:04:00,9.3,9.3,9.3,9.3,1000
VC7,2024-09-18 04:05:00,9.3,9.3,9.3,9.3,300
VC7,2024-09-18 04:07:00,9.4,9.4,9.4,9.4,500
VC7,2024-09-18 04:09:00,9.4,9.4,9.4,9.4,1100
VC7,2024-09-18 04:13:00,9.3,9.3,9.3,9.3,2500
VC7,2024-09-18 04:14:00,9.4,9.4,9.4,9.4,500
VC7,2024-09-18 04:23:00,9.4,9.4,9.4,9.4,400
VC7,2024-09-18 04:26:00,9.3,9.3,9.3,9.3,1900
VC7,2024-09-18 04:29:00,9.3,9.3,9.3,9.3,100
VC7,2024-09-18 06:00:00,9.3,9.3,9.3,9.3,2500
VC7,2024-09-18 06:02:00,9.3,9.3,9.3,9.3,600
VC7,2024-09-18 06:03:00,9.3,9.3,9.3,9.3,500
VC7,2024-09-18 06:04:00,9.3,9.3,9.3,9.3,5600
VC7,2024-09-18 06:05:00,9.3,9.3,9.3,9.3,2700
VC7,2024-09-18 06:08:00,9.3,9.3,9.3,9.3,2000
VC7,2024-09-18 06:09:00,9.3,9.3,9.3,9.3,700
VC7,2024-09-18 06:10:00,9.3,9.3,9.3,9.3,100
VC7,2024-09-18 06:15:00,9.3,9.3,9.3,9.3,3000
VC7,2024-09-18 06:26:00,9.2,9.2,9.2,9.2,5800
VC7,2024-09-18 06:28:00,9.2,9.2,9.2,9.2,3900
VC7,2024-09-18 06:29:00,9.2,9.2,9.2,9.2,3000
VC7,2024-09-18 06:30:00,9.2,9.2,9.2,9.2,600
VC7,2024-09-18 06:31:00,9.2,9.2,9.2,9.2,100
VC7,2024-09-18 06:34:00,9.3,9.3,9.3,9.3,500
VC7,2024-09-18 06:40:00,9.2,9.2,9.2,9.2,200
VC7,2024-09-18 06:41:00,9.2,9.2,9.2,9.2,1000
VC7,2024-09-18 06:42:00,9.2,9.2,9.2,9.2,3000
VC7,2024-09-18 06:43:00,9.2,9.2,9.2,9.2,2000
VC7,2024-09-18 06:51:00,9.3,9.3,9.2,9.2,600
VC7,2024-09-18 07:01:00,9.2,9.2,9.2,9.2,2400
VC7,2024-09-18 07:05:00,9.2,9.2,9.2,9.2,700
VC7,2024-09-18 07:08:00,9.2,9.2,9.2,9.2,300
VC7,2024-09-18 07:16:00,9.2,9.2,9.2,9.2,300
VC7,2024-09-18 07:25:00,9.2,9.2,9.2,9.2,2000
VC7,2024-09-18 07:27:00,9.2,9.2,9.2,9.2,700
VC7,2024-09-18 07:45:00,9.2,9.2,9.2,9.2,8700
VC7,2024-09-19 02:17:00,9.3,9.3,9.3,9.3,1000
VC7,2024-09-19 02:21:00,9.3,9.3,9.3,9.3,1000
VC7,2024-09-19 02:25:00,9.3,9.3,9.3,9.3,100
VC7,2024-09-19 02:27:00,9.2,9.2,9.2,9.2,4400
VC7,2024-09-19 02:28:00,9.2,9.2,9.2,9.2,200
VC7,2024-09-19 02:30:00,9.2,9.2,9.2,9.2,1200
VC7,2024-09-19 02:32:00,9.2,9.2,9.2,9.2,500
VC7,2024-09-19 02:34:00,9.3,9.3,9.3,9.3,500
VC7,2024-09-19 02:38:00,9.3,9.3,9.3,9.3,100
VC7,2024-09-19 02:42:00,9.3,9.3,9.2,9.2,500
VC7,2024-09-19 02:43:00,9.2,9.2,9.2,9.2,2300
VC7,2024-09-19 02:44:00,9.2,9.2,9.2,9.2,200
VC7,2024-09-19 02:48:00,9.2,9.3,9.2,9.2,600
VC7,2024-09-19 02:49:00,9.2,9.2,9.2,9.2,100
VC7,2024-09-19 02:54:00,9.2,9.2,9.2,9.2,200
VC7,2024-09-19 02:55:00,9.2,9.2,9.2,9.2,1800
VC7,2024-09-19 02:56:00,9.2,9.2,9.2,9.2,1000
VC7,2024-09-19 03:06:00,9.2,9.2,9.2,9.2,2000
VC7,2024-09-19 03:07:00,9.2,9.2,9.2,9.2,300
VC7,2024-09-19 03:13:00,9.2,9.2,9.2,9.2,100
VC7,2024-09-19 03:16:00,9.1,9.1,9.1,9.1,20500
VC7,2024-09-19 03:21:00,9.2,9.2,9.2,9.2,100
VC7,2024-09-19 03:30:00,9.1,9.1,9.1,9.1,1600
VC7,2024-09-19 03:37:00,9.1,9.1,9.1,9.1,3000
VC7,2024-09-19 03:38:00,9.1,9.1,9.1,9.1,4900
VC7,2024-09-19 03:43:00,9.2,9.2,9.2,9.2,500
VC7,2024-09-19 03:46:00,9.2,9.2,9.2,9.2,4000
VC7,2024-09-19 03:48:00,9.2,9.2,9.2,9.2,1000
VC7,2024-09-19 03:49:00,9.2,9.2,9.2,9.2,1900
VC7,2024-09-19 03:52:00,9.2,9.2,9.2,9.2,500
VC7,2024-09-19 03:53:00,9.2,9.2,9.2,9.2,800
VC7,2024-09-19 03:57:00,9.3,9.3,9.3,9.3,100
VC7,2024-09-19 03:59:00,9.2,9.2,9.2,9.2,900
VC7,2024-09-19 04:27:00,9.2,9.2,9.2,9.2,2000
VC7,2024-09-19 04:28:00,9.2,9.2,9.2,9.2,1100
VC7,2024-09-19 04:29:00,9.2,9.2,9.2,9.2,1000
VC7,2024-09-19 06:00:00,9.2,9.2,9.2,9.2,1900
VC7,2024-09-19 06:08:00,9.2,9.2,9.2,9.2,600
VC7,2024-09-19 06:09:00,9.2,9.2,9.2,9.2,2000
VC7,2024-09-19 06:16:00,9.2,9.2,9.2,9.2,200
VC7,2024-09-19 06:20:00,9.2,9.2,9.2,9.2,200
VC7,2024-09-19 06:25:00,9.2,9.2,9.2,9.2,900
VC7,2024-09-19 06:26:00,9.2,9.2,9.2,9.2,200
VC7,2024-09-19 06:27:00,9.2,9.2,9.2,9.2,1800
VC7,2024-09-19 06:28:00,9.2,9.2,9.2,9.2,700
VC7,2024-09-19 06:30:00,9.2,9.2,9.2,9.2,800
VC7,2024-09-19 06:31:00,9.2,9.2,9.2,9.2,700
VC7,2024-09-19 06:36:00,9.3,9.3,9.3,9.3,100
VC7,2024-09-19 06:41:00,9.3,9.3,9.3,9.3,500
VC7,2024-09-19 06:42:00,9.2,9.2,9.2,9.2,4000
VC7,2024-09-19 06:44:00,9.2,9.2,9.2,9.2,2000
VC7,2024-09-19 06:45:00,9.2,9.2,9.2,9.2,1500
VC7,2024-09-19 06:55:00,9.2,9.2,9.2,9.2,2800
VC7,2024-09-19 07:16:00,9.2,9.2,9.2,9.2,600
VC7,2024-09-19 07:25:00,9.2,9.2,9.2,9.2,2300
VC7,2024-09-19 07:29:00,9.1,9.1,9.1,9.1,23000
VC7,2024-09-19 07:45:00,9.2,9.2,9.2,9.2,5300
VC7,2024-09-20 02:03:00,9.4,9.4,9.4,9.4,100
VC7,2024-09-20 02:07:00,9.4,9.4,9.4,9.4,1000
VC7,2024-09-20 02:53:00,9.3,9.3,9.3,9.3,2000
VC7,2024-09-20 02:54:00,9.2,9.2,9.2,9.2,100
VC7,2024-09-20 02:56:00,9.2,9.2,9.2,9.2,2000
VC7,2024-09-20 02:58:00,9.2,9.2,9.2,9.2,4200
VC7,2024-09-20 02:59:00,9.2,9.2,9.2,9.2,200
VC7,2024-09-20 03:01:00,9.2,9.2,9.2,9.2,1100
VC7,2024-09-20 03:02:00,9.2,9.2,9.2,9.2,200
VC7,2024-09-20 03:04:00,9.2,9.2,9.2,9.2,2300
VC7,2024-09-20 03:07:00,9.2,9.2,9.2,9.2,1000
VC7,2024-09-20 03:09:00,9.2,9.2,9.2,9.2,3000
VC7,2024-09-20 03:26:00,9.2,9.2,9.2,9.2,100
VC7,2024-09-20 03:34:00,9.2,9.2,9.2,9.2,100
VC7,2024-09-20 03:37:00,9.2,9.2,9.2,9.2,100
VC7,2024-09-20 03:41:00,9.2,9.2,9.2,9.2,100
VC7,2024-09-20 03:43:00,9.1,9.1,9.1,9.1,7000
VC7,2024-09-20 03:44:00,9.1,9.1,9.1,9.1,1500
VC7,2024-09-20 03:45:00,9.1,9.1,9.1,9.1,1500
VC7,2024-09-20 03:53:00,9.1,9.1,9.1,9.1,1500
VC7,2024-09-20 04:10:00,9.2,9.2,9.2,9.2,900
VC7,2024-09-20 04:20:00,9.3,9.3,9.3,9.3,100
VC7,2024-09-20 04:29:00,9.3,9.3,9.3,9.3,2700
VC7,2024-09-20 06:00:00,9.1,9.1,9.1,9.1,8500
VC7,2024-09-20 06:01:00,9.1,9.1,9.1,9.1,3200
VC7,2024-09-20 06:02:00,9.1,9.1,9.1,9.1,2100
VC7,2024-09-20 06:03:00,9.1,9.1,9.1,9.1,8700
VC7,2024-09-20 06:04:00,9.1,9.1,9.1,9.1,7400
VC7,2024-09-20 06:05:00,9.1,9.1,9.1,9.1,100
VC7,2024-09-20 06:06:00,9.1,9.1,9.0,9.1,5000
VC7,2024-09-20 06:09:00,9.1,9.1,9.1,9.1,100
VC7,2024-09-20 06:11:00,9.1,9.1,9.1,9.1,1000
VC7,2024-09-20 06:14:00,9.1,9.1,9.1,9.1,4000
VC7,2024-09-20 06:15:00,9.1,9.1,9.1,9.1,300
VC7,2024-09-20 06:19:00,9.0,9.0,9.0,9.0,2800
VC7,2024-09-20 06:20:00,9.0,9.0,9.0,9.0,400
VC7,2024-09-20 06:21:00,9.1,9.1,9.1,9.1,5000
VC7,2024-09-20 06:22:00,9.1,9.1,9.1,9.1,200
VC7,2024-09-20 06:23:00,9.1,9.1,9.1,9.1,3900
VC7,2024-09-20 06:36:00,9.1,9.1,9.1,9.1,200
VC7,2024-09-20 06:37:00,9.1,9.1,9.1,9.1,300
VC7,2024-09-20 06:38:00,9.0,9.0,9.0,9.0,100
VC7,2024-09-20 06:41:00,9.0,9.1,9.0,9.1,4100
VC7,2024-09-20 06:45:00,9.0,9.0,9.0,9.0,2000
VC7,2024-09-20 06:46:00,9.0,9.0,9.0,9.0,2000
VC7,2024-09-20 06:53:00,9.0,9.0,9.0,9.0,100
VC7,2024-09-20 06:57:00,9.0,9.0,9.0,9.0,2000
VC7,2024-09-20 06:59:00,9.0,9.0,9.0,9.0,5000
VC7,2024-09-20 07:07:00,9.0,9.0,9.0,9.0,4300
VC7,2024-09-20 07:10:00,9.0,9.0,9.0,9.0,10000
VC7,2024-09-20 07:12:00,9.0,9.0,9.0,9.0,10100
VC7,2024-09-20 07:13:00,9.0,9.0,9.0,9.0,1100
VC7,2024-09-20 07:14:00,9.0,9.0,9.0,9.0,500
VC7,2024-09-20 07:15:00,9.0,9.0,9.0,9.0,700
VC7,2024-09-20 07:16:00,9.0,9.0,9.0,9.0,1000
VC7,2024-09-20 07:17:00,9.0,9.0,9.0,9.0,2300
VC7,2024-09-20 07:21:00,9.0,9.0,9.0,9.0,4000
VC7,2024-09-20 07:24:00,9.0,9.0,9.0,9.0,600
VC7,2024-09-20 07:25:00,9.0,9.0,9.0,9.0,600
VC7,2024-09-20 07:26:00,9.0,9.0,9.0,9.0,1900
VC7,2024-09-20 07:27:00,9.0,9.0,9.0,9.0,600
VC7,2024-09-20 07:28:00,9.0,9.0,9.0,9.0,100
VC7,2024-09-20 07:29:00,9.0,9.0,9.0,9.0,1300
VC7,2024-09-20 07:45:00,9.0,9.0,9.0,9.0,28100
VC7,2024-09-23 02:12:00,9.0,9.0,9.0,9.0,100
VC7,2024-09-23 02:13:00,9.0,9.0,9.0,9.0,100
VC7,2024-09-23 02:17:00,9.0,9.0,9.0,9.0,100
VC7,2024-09-23 02:18:00,9.0,9.0,9.0,9.0,3900
VC7,2024-09-23 02:26:00,9.0,9.0,9.0,9.0,1100
VC7,2024-09-23 02:27:00,9.0,9.0,9.0,9.0,1000
VC7,2024-09-23 02:32:00,9.0,9.0,9.0,9.0,100
VC7,2024-09-23 02:54:00,8.9,8.9,8.9,8.9,7800
VC7,2024-09-23 02:56:00,8.9,8.9,8.9,8.9,600
VC7,2024-09-23 02:57:00,8.9,8.9,8.9,8.9,500
VC7,2024-09-23 02:59:00,8.9,8.9,8.9,8.9,100
VC7,2024-09-23 03:00:00,8.9,8.9,8.9,8.9,2000
VC7,2024-09-23 03:01:00,8.9,8.9,8.9,8.9,2100
VC7,2024-09-23 03:02:00,8.9,8.9,8.9,8.9,800
VC7,2024-09-23 03:04:00,8.9,8.9,8.9,8.9,2100
VC7,2024-09-23 03:23:00,8.9,8.9,8.9,8.9,1000
VC7,2024-09-23 03:28:00,8.9,8.9,8.9,8.9,900
VC7,2024-09-23 03:36:00,8.9,9.0,8.9,9.0,2100
VC7,2024-09-23 03:47:00,9.0,9.0,9.0,9.0,600
VC7,2024-09-23 04:04:00,8.9,8.9,8.9,8.9,10000
VC7,2024-09-23 04:09:00,8.9,8.9,8.9,8.9,500
VC7,2024-09-23 04:13:00,8.9,8.9,8.9,8.9,10000
VC7,2024-09-23 04:19:00,8.9,8.9,8.9,8.9,2000
VC7,2024-09-23 06:00:00,8.9,8.9,8.9,8.9,400
VC7,2024-09-23 06:01:00,8.9,8.9,8.9,8.9,800
VC7,2024-09-23 06:02:00,8.9,8.9,8.9,8.9,1900
VC7,2024-09-23 06:04:00,9.0,9.0,9.0,9.0,100
VC7,2024-09-23 06:14:00,9.0,9.0,9.0,9.0,500
VC7,2024-09-23 06:25:00,9.0,9.0,9.0,9.0,2000
VC7,2024-09-23 06:30:00,9.0,9.0,9.0,9.0,8600
VC7,2024-09-23 06:39:00,9.0,9.0,9.0,9.0,1200
VC7,2024-09-23 06:41:00,9.0,9.0,9.0,9.0,4600
VC7,2024-09-23 06:43:00,9.0,9.0,9.0,9.0,100
VC7,2024-09-23 06:44:00,9.0,9.0,9.0,9.0,500
VC7,2024-09-23 06:49:00,9.1,9.1,9.1,9.1,100
VC7,2024-09-23 07:03:00,9.0,9.0,9.0,9.0,3500
VC7,2024-09-23 07:04:00,9.0,9.0,9.0,9.0,1400
VC7,2024-09-23 07:05:00,9.0,9.0,9.0,9.0,100
VC7,2024-09-23 07:11:00,9.0,9.0,9.0,9.0,400
VC7,2024-09-23 07:14:00,9.0,9.0,9.0,9.0,2700
VC7,2024-09-23 07:15:00,9.0,9.0,9.0,9.0,2000
VC7,2024-09-23 07:19:00,9.1,9.1,9.1,9.1,700
VC7,2024-09-23 07:27:00,9.1,9.1,9.1,9.1,5000
VC7,2024-09-23 07:29:00,9.1,9.1,9.1,9.1,100
VC7,2024-09-23 07:45:00,9.1,9.1,9.1,9.1,1000
VC7,2024-09-24 02:22:00,9.0,9.0,9.0,9.0,2800
VC7,2024-09-24 02:23:00,9.0,9.0,9.0,9.0,2000
VC7,2024-09-24 02:24:00,9.0,9.0,9.0,9.0,200
VC7,2024-09-24 02:29:00,9.0,9.0,9.0,9.0,200
VC7,2024-09-24 02:32:00,9.1,9.1,9.1,9.1,100
VC7,2024-09-24 02:33:00,9.1,9.1,9.1,9.1,100
VC7,2024-09-24 02:49:00,8.9,8.9,8.9,8.9,1000
VC7,2024-09-24 02:56:00,9.0,9.0,9.0,9.0,200
VC7,2024-09-24 02:57:00,9.0,9.0,9.0,9.0,2100
VC7,2024-09-24 02:59:00,9.0,9.0,9.0,9.0,1000
VC7,2024-09-24 03:17:00,9.0,9.0,9.0,9.0,100
VC7,2024-09-24 03:18:00,9.0,9.0,9.0,9.0,100
VC7,2024-09-24 03:19:00,9.0,9.0,9.0,9.0,100
VC7,2024-09-24 03:21:00,9.0,9.0,9.0,9.0,500
VC7,2024-09-24 03:22:00,9.0,9.0,9.0,9.0,200
VC7,2024-09-24 03:25:00,8.9,9.0,8.9,9.0,11900
VC7,2024-09-24 03:29:00,9.0,9.0,9.0,9.0,800
VC7,2024-09-24 03:38:00,8.9,8.9,8.9,8.9,100
VC7,2024-09-24 03:41:00,8.9,8.9,8.9,8.9,4000
VC7,2024-09-24 03:48:00,9.0,9.0,9.0,9.0,100
VC7,2024-09-24 03:49:00,9.0,9.0,9.0,9.0,100
VC7,2024-09-24 03:59:00,9.0,9.0,9.0,9.0,1000
VC7,2024-09-24 04:00:00,9.0,9.0,9.0,9.0,2200
VC7,2024-09-24 04:26:00,9.0,9.0,9.0,9.0,1000
VC7,2024-09-24 04:27:00,9.0,9.0,9.0,9.0,200
VC7,2024-09-24 04:29:00,9.0,9.0,9.0,9.0,50000
VC7,2024-09-24 06:00:00,9.1,9.1,9.0,9.0,41600
VC7,2024-09-24 06:01:00,9.0,9.0,9.0,9.0,13800
VC7,2024-09-24 06:03:00,9.0,9.0,9.0,9.0,200
VC7,2024-09-24 06:06:00,9.0,9.0,9.0,9.0,10800
VC7,2024-09-24 06:08:00,9.0,9.0,9.0,9.0,200
VC7,2024-09-24 06:09:00,9.0,9.0,9.0,9.0,5000
VC7,2024-09-24 06:11:00,9.0,9.0,9.0,9.0,17000
VC7,2024-09-24 06:13:00,9.0,9.0,9.0,9.0,6000
VC7,2024-09-24 06:14:00,9.0,9.0,9.0,9.0,31000
VC7,2024-09-24 06:16:00,9.0,9.0,9.0,9.0,7800
VC7,2024-09-24 06:17:00,9.0,9.0,9.0,9.0,24000
VC7,2024-09-24 06:20:00,9.0,9.0,9.0,9.0,2400
VC7,2024-09-24 06:23:00,9.0,9.0,9.0,9.0,2700
VC7,2024-09-24 06:26:00,9.0,9.0,9.0,9.0,5000
VC7,2024-09-24 06:28:00,9.0,9.0,9.0,9.0,15300
VC7,2024-09-24 06:33:00,9.0,9.0,9.0,9.0,15000
VC7,2024-09-24 06:35:00,9.0,9.0,9.0,9.0,22000
VC7,2024-09-24 06:36:00,9.0,9.0,9.0,9.0,100
VC7,2024-09-24 06:37:00,9.0,9.0,9.0,9.0,6200
VC7,2024-09-24 06:38:00,9.0,9.0,9.0,9.0,500
VC7,2024-09-24 06:39:00,9.0,9.0,9.0,9.0,1200
VC7,2024-09-24 06:41:00,9.0,9.0,9.0,9.0,500
VC7,2024-09-24 06:42:00,9.0,9.0,9.0,9.0,500
VC7,2024-09-24 06:45:00,9.0,9.0,9.0,9.0,300
VC7,2024-09-24 06:49:00,9.1,9.1,9.1,9.1,300
VC7,2024-09-24 06:52:00,9.1,9.1,9.1,9.1,17900
VC7,2024-09-24 06:54:00,9.1,9.1,9.1,9.1,600
VC7,2024-09-24 06:55:00,9.1,9.1,9.1,9.1,1000
VC7,2024-09-24 06:57:00,9.1,9.1,9.1,9.1,23900
VC7,2024-09-24 06:58:00,9.0,9.0,9.0,9.0,12000
VC7,2024-09-24 07:01:00,9.1,9.2,9.1,9.2,1300
VC7,2024-09-24 07:02:00,9.1,9.1,9.1,9.1,600
VC7,2024-09-24 07:04:00,9.1,9.1,9.1,9.1,700
VC7,2024-09-24 07:05:00,9.1,9.1,9.1,9.1,1300
VC7,2024-09-24 07:14:00,9.2,9.2,9.2,9.2,100
VC7,2024-09-24 07:17:00,9.2,9.2,9.2,9.2,5000
VC7,2024-09-24 07:19:00,9.1,9.1,9.1,9.1,3900
VC7,2024-09-24 07:26:00,9.1,9.1,9.1,9.1,5000
VC7,2024-09-24 07:45:00,9.1,9.1,9.1,9.1,2300
VC7,2024-09-25 02:00:00,9.2,9.2,9.2,9.2,1100
VC7,2024-09-25 02:01:00,9.2,9.2,9.2,9.2,100
VC7,2024-09-25 02:14:00,9.2,9.2,9.2,9.2,900
VC7,2024-09-25 02:15:00,9.2,9.2,9.2,9.2,300
VC7,2024-09-25 02:18:00,9.2,9.2,9.2,9.2,300
VC7,2024-09-25 02:19:00,9.2,9.2,9.2,9.2,400
VC7,2024-09-25 02:23:00,9.2,9.2,9.2,9.2,10400
VC7,2024-09-25 02:24:00,9.2,9.2,9.2,9.2,1900
VC7,2024-09-25 02:25:00,9.2,9.2,9.2,9.2,3400
VC7,2024-09-25 02:26:00,9.2,9.2,9.2,9.2,600
VC7,2024-09-25 02:27:00,9.2,9.2,9.2,9.2,500
VC7,2024-09-25 02:28:00,9.2,9.2,9.2,9.2,1000
VC7,2024-09-25 02:29:00,9.2,9.2,9.2,9.2,2000
VC7,2024-09-25 02:31:00,9.2,9.2,9.1,9.1,5900
VC7,2024-09-25 02:38:00,9.1,9.1,9.1,9.1,9100
VC7,2024-09-25 02:43:00,9.1,9.1,9.1,9.1,200
VC7,2024-09-25 02:50:00,9.1,9.1,9.1,9.1,1000
VC7,2024-09-25 02:53:00,9.1,9.1,9.1,9.1,5000
VC7,2024-09-25 02:57:00,9.2,9.2,9.2,9.2,1000
VC7,2024-09-25 02:58:00,9.2,9.2,9.2,9.2,400
VC7,2024-09-25 03:00:00,9.2,9.2,9.2,9.2,4100
VC7,2024-09-25 03:01:00,9.2,9.2,9.2,9.2,600
VC7,2024-09-25 03:02:00,9.2,9.2,9.2,9.2,1000
VC7,2024-09-25 03:03:00,9.2,9.2,9.2,9.2,600
VC7,2024-09-25 03:06:00,9.2,9.2,9.2,9.2,1500
VC7,2024-09-25 03:11:00,9.2,9.2,9.2,9.2,1000
VC7,2024-09-25 03:12:00,9.2,9.2,9.2,9.2,100
VC7,2024-09-25 03:13:00,9.3,9.3,9.2,9.2,600
VC7,2024-09-25 03:16:00,9.2,9.2,9.2,9.2,100
VC7,2024-09-25 03:27:00,9.2,9.2,9.2,9.2,1000
VC7,2024-09-25 03:28:00,9.2,9.2,9.2,9.2,100
VC7,2024-09-25 03:31:00,9.1,9.1,9.1,9.1,11000
VC7,2024-09-25 03:34:00,9.1,9.1,9.1,9.1,10000
VC7,2024-09-25 03:35:00,9.1,9.1,9.1,9.1,3000
VC7,2024-09-25 03:46:00,9.1,9.1,9.1,9.1,1500
VC7,2024-09-25 03:49:00,9.1,9.1,9.1,9.1,500
VC7,2024-09-25 04:00:00,9.1,9.1,9.1,9.1,300
VC7,2024-09-25 04:07:00,9.1,9.1,9.1,9.1,2000
VC7,2024-09-25 04:14:00,9.2,9.2,9.2,9.2,100
VC7,2024-09-25 04:15:00,9.2,9.2,9.2,9.2,100
VC7,2024-09-25 04:16:00,9.2,9.2,9.2,9.2,900
VC7,2024-09-25 04:17:00,9.2,9.2,9.2,9.2,4100
VC7,2024-09-25 04:18:00,9.2,9.2,9.2,9.2,900
VC7,2024-09-25 04:24:00,9.2,9.2,9.2,9.2,200
VC7,2024-09-25 06:00:00,9.2,9.2,9.2,9.2,10500
VC7,2024-09-25 06:01:00,9.2,9.2,9.2,9.2,2000
VC7,2024-09-25 06:02:00,9.2,9.2,9.2,9.2,1900
VC7,2024-09-25 06:03:00,9.2,9.2,9.2,9.2,100
VC7,2024-09-25 06:06:00,9.2,9.2,9.2,9.2,2100
VC7,2024-09-25 06:08:00,9.2,9.2,9.2,9.2,2500
VC7,2024-09-25 06:12:00,9.2,9.2,9.2,9.2,200
VC7,2024-09-25 06:14:00,9.2,9.2,9.2,9.2,4700
VC7,2024-09-25 06:17:00,9.2,9.2,9.2,9.2,3000
VC7,2024-09-25 06:19:00,9.2,9.2,9.2,9.2,600
VC7,2024-09-25 06:20:00,9.2,9.2,9.2,9.2,500
VC7,2024-09-25 06:21:00,9.3,9.3,9.3,9.3,23600
VC7,2024-09-25 06:22:00,9.3,9.3,9.3,9.3,23100
VC7,2024-09-25 06:23:00,9.3,9.3,9.3,9.3,17600
VC7,2024-09-25 06:24:00,9.4,9.4,9.4,9.4,3100
VC7,2024-09-25 06:25:00,9.4,9.4,9.4,9.4,3000
VC7,2024-09-25 06:28:00,9.4,9.4,9.4,9.4,2000
VC7,2024-09-25 06:29:00,9.4,9.4,9.4,9.4,100
VC7,2024-09-25 06:30:00,9.4,9.4,9.4,9.4,1000
VC7,2024-09-25 06:32:00,9.4,9.4,9.3,9.3,7400
VC7,2024-09-25 06:33:00,9.3,9.3,9.3,9.3,10300
VC7,2024-09-25 06:34:00,9.3,9.4,9.3,9.4,21600
VC7,2024-09-25 06:35:00,9.4,9.4,9.4,9.4,6600
VC7,2024-09-25 06:36:00,9.4,9.4,9.4,9.4,5900
VC7,2024-09-25 06:37:00,9.4,9.4,9.4,9.4,1500
VC7,2024-09-25 06:38:00,9.5,9.5,9.5,9.5,57800
VC7,2024-09-25 06:39:00,9.5,9.5,9.5,9.5,1900
VC7,2024-09-25 06:40:00,9.5,9.5,9.5,9.5,1800
VC7,2024-09-25 06:41:00,9.5,9.5,9.5,9.5,300
VC7,2024-09-25 06:42:00,9.5,9.5,9.5,9.5,200
VC7,2024-09-25 06:43:00,9.5,9.5,9.5,9.5,1000
VC7,2024-09-25 06:44:00,9.5,9.5,9.5,9.5,400
VC7,2024-09-25 06:45:00,9.5,9.5,9.5,9.5,20700
VC7,2024-09-25 06:46:00,9.5,9.5,9.5,9.5,4300
VC7,2024-09-25 06:47:00,9.5,9.5,9.5,9.5,1000
VC7,2024-09-25 06:48:00,9.5,9.5,9.5,9.5,3000
VC7,2024-09-25 06:49:00,9.4,9.4,9.4,9.4,2200
VC7,2024-09-25 06:50:00,9.4,9.4,9.4,9.4,100
VC7,2024-09-25 06:51:00,9.4,9.5,9.4,9.5,21200
VC7,2024-09-25 06:53:00,9.5,9.5,9.5,9.5,10300
VC7,2024-09-25 06:54:00,9.5,9.6,9.5,9.6,4600
VC7,2024-09-25 06:55:00,9.6,9.6,9.6,9.6,2100
VC7,2024-09-25 07:02:00,9.5,9.5,9.5,9.5,200
VC7,2024-09-25 07:03:00,9.5,9.5,9.5,9.5,10800
VC7,2024-09-25 07:04:00,9.5,9.5,9.5,9.5,1200
VC7,2024-09-25 07:06:00,9.5,9.5,9.5,9.5,200
VC7,2024-09-25 07:07:00,9.5,9.5,9.5,9.5,1000
VC7,2024-09-25 07:08:00,9.5,9.5,9.5,9.5,3900
VC7,2024-09-25 07:09:00,9.5,9.5,9.5,9.5,100
VC7,2024-09-25 07:10:00,9.5,9.5,9.5,9.5,6100
VC7,2024-09-25 07:11:00,9.5,9.5,9.5,9.5,8000
VC7,2024-09-25 07:12:00,9.5,9.5,9.5,9.5,9000
VC7,2024-09-25 07:13:00,9.5,9.5,9.5,9.5,15100
VC7,2024-09-25 07:16:00,9.5,9.5,9.5,9.5,3000
VC7,2024-09-25 07:17:00,9.5,9.5,9.5,9.5,4600
VC7,2024-09-25 07:18:00,9.5,9.5,9.5,9.5,16400
VC7,2024-09-25 07:21:00,9.5,9.5,9.5,9.5,3000
VC7,2024-09-25 07:22:00,9.5,9.5,9.5,9.5,5000
VC7,2024-09-25 07:23:00,9.5,9.5,9.5,9.5,9200
VC7,2024-09-25 07:24:00,9.5,9.5,9.5,9.5,100
VC7,2024-09-25 07:25:00,9.5,9.5,9.5,9.5,1400
VC7,2024-09-25 07:26:00,9.5,9.5,9.5,9.5,10300
VC7,2024-09-25 07:27:00,9.5,9.5,9.5,9.5,900
VC7,2024-09-25 07:28:00,9.5,9.5,9.5,9.5,2000
VC7,2024-09-25 07:29:00,9.5,9.6,9.5,9.6,2300
VC7,2024-09-25 07:45:00,9.6,9.6,9.6,9.6,20200
VC7,2024-09-26 02:00:00,9.6,9.6,9.6,9.6,1000
VC7,2024-09-26 02:02:00,9.6,9.6,9.6,9.6,4600
VC7,2024-09-26 02:05:00,9.7,9.7,9.7,9.7,100
VC7,2024-09-26 02:10:00,9.7,9.7,9.7,9.7,200
VC7,2024-09-26 02:12:00,9.6,9.6,9.6,9.6,1100
VC7,2024-09-26 02:17:00,9.6,9.6,9.6,9.6,3500
VC7,2024-09-26 02:18:00,9.6,9.6,9.6,9.6,3600
VC7,2024-09-26 02:25:00,9.6,9.6,9.6,9.6,500
VC7,2024-09-26 02:27:00,9.6,9.6,9.6,9.6,100
VC7,2024-09-26 02:32:00,9.6,9.6,9.5,9.5,14400
VC7,2024-09-26 02:33:00,9.5,9.5,9.5,9.5,3100
VC7,2024-09-26 02:36:00,9.4,9.4,9.4,9.4,1700
VC7,2024-09-26 02:38:00,9.5,9.5,9.5,9.5,3000
VC7,2024-09-26 02:40:00,9.5,9.5,9.5,9.5,2900
VC7,2024-09-26 02:41:00,9.4,9.4,9.4,9.4,9400
VC7,2024-09-26 02:49:00,9.5,9.5,9.5,9.5,5700
VC7,2024-09-26 02:55:00,9.5,9.5,9.5,9.5,1800
VC7,2024-09-26 02:57:00,9.5,9.5,9.5,9.5,400
VC7,2024-09-26 02:59:00,9.6,9.6,9.5,9.5,7800
VC7,2024-09-26 03:05:00,9.4,9.4,9.4,9.4,1000
VC7,2024-09-26 03:10:00,9.4,9.4,9.4,9.4,2000
VC7,2024-09-26 03:11:00,9.4,9.4,9.4,9.4,1000
VC7,2024-09-26 03:15:00,9.4,9.4,9.4,9.4,100
VC7,2024-09-26 03:21:00,9.4,9.4,9.4,9.4,100
VC7,2024-09-26 03:29:00,9.4,9.4,9.4,9.4,1000
VC7,2024-09-26 03:35:00,9.4,9.4,9.4,9.4,100
VC7,2024-09-26 03:36:00,9.4,9.4,9.4,9.4,2100
VC7,2024-09-26 03:37:00,9.4,9.4,9.4,9.4,100
VC7,2024-09-26 03:38:00,9.4,9.4,9.4,9.4,600
VC7,2024-09-26 03:45:00,9.4,9.4,9.4,9.4,2000
VC7,2024-09-26 03:52:00,9.5,9.5,9.5,9.5,100
VC7,2024-09-26 04:05:00,9.4,9.4,9.4,9.4,100
VC7,2024-09-26 04:08:00,9.4,9.4,9.4,9.4,1000
VC7,2024-09-26 04:17:00,9.4,9.4,9.4,9.4,300
VC7,2024-09-26 04:20:00,9.4,9.4,9.4,9.4,500
VC7,2024-09-26 04:21:00,9.5,9.5,9.5,9.5,11000
VC7,2024-09-26 06:00:00,9.5,9.5,9.5,9.5,8100
VC7,2024-09-26 06:06:00,9.4,9.4,9.4,9.4,5000
VC7,2024-09-26 06:07:00,9.4,9.4,9.4,9.4,100
VC7,2024-09-26 06:09:00,9.4,9.4,9.4,9.4,5000
VC7,2024-09-26 06:10:00,9.4,9.4,9.4,9.4,7900
VC7,2024-09-26 06:11:00,9.4,9.4,9.4,9.4,1100
VC7,2024-09-26 06:15:00,9.4,9.4,9.4,9.4,100
VC7,2024-09-26 06:17:00,9.3,9.3,9.3,9.3,11100
VC7,2024-09-26 06:18:00,9.3,9.3,9.3,9.3,100
VC7,2024-09-26 06:19:00,9.3,9.3,9.3,9.3,7500
VC7,2024-09-26 06:21:00,9.3,9.3,9.3,9.3,900
VC7,2024-09-26 06:22:00,9.3,9.3,9.3,9.3,15000
VC7,2024-09-26 06:26:00,9.3,9.3,9.3,9.3,12000
VC7,2024-09-26 06:32:00,9.3,9.3,9.3,9.3,600
VC7,2024-09-26 06:38:00,9.4,9.4,9.4,9.4,1000
VC7,2024-09-26 06:39:00,9.4,9.4,9.4,9.4,2000
VC7,2024-09-26 06:41:00,9.5,9.5,9.5,9.5,100
VC7,2024-09-26 06:46:00,9.4,9.4,9.4,9.4,100
VC7,2024-09-26 06:48:00,9.4,9.4,9.4,9.4,11000
VC7,2024-09-26 06:51:00,9.4,9.4,9.4,9.4,3800
VC7,2024-09-26 06:54:00,9.5,9.5,9.4,9.4,1300
VC7,2024-09-26 06:57:00,9.4,9.4,9.4,9.4,1600
VC7,2024-09-26 06:58:00,9.4,9.4,9.4,9.4,2000
VC7,2024-09-26 06:59:00,9.4,9.4,9.4,9.4,4300
VC7,2024-09-26 07:07:00,9.4,9.4,9.4,9.4,4200
VC7,2024-09-26 07:08:00,9.4,9.4,9.4,9.4,100
VC7,2024-09-26 07:14:00,9.4,9.4,9.4,9.4,700
VC7,2024-09-26 07:16:00,9.4,9.4,9.4,9.4,100
VC7,2024-09-26 07:24:00,9.3,9.3,9.3,9.3,7000
VC7,2024-09-26 07:25:00,9.3,9.3,9.3,9.3,20200
VC7,2024-09-26 07:27:00,9.3,9.3,9.3,9.3,2600
VC7,2024-09-26 07:28:00,9.3,9.3,9.3,9.3,4000
VC7,2024-09-26 07:29:00,9.3,9.3,9.3,9.3,900
VC7,2024-09-26 07:45:00,9.3,9.3,9.3,9.3,11700
VC7,2024-09-27 02:10:00,9.5,9.5,9.5,9.5,3700
VC7,2024-09-27 02:11:00,9.4,9.4,9.4,9.4,100
VC7,2024-09-27 02:12:00,9.4,9.4,9.4,9.4,2000
VC7,2024-09-27 02:14:00,9.3,9.3,9.3,9.3,3000
VC7,2024-09-27 02:15:00,9.3,9.3,9.3,9.3,1000
VC7,2024-09-27 02:25:00,9.3,9.3,9.3,9.3,3400
VC7,2024-09-27 02:26:00,9.3,9.3,9.3,9.3,300
VC7,2024-09-27 02:44:00,9.3,9.3,9.3,9.3,5100
VC7,2024-09-27 02:45:00,9.3,9.3,9.3,9.3,3000
VC7,2024-09-27 02:49:00,9.3,9.3,9.3,9.3,100
VC7,2024-09-27 02:52:00,9.3,9.3,9.3,9.3,10800
VC7,2024-09-27 03:03:00,9.3,9.3,9.3,9.3,300
VC7,2024-09-27 03:06:00,9.3,9.3,9.3,9.3,100
VC7,2024-09-27 03:20:00,9.3,9.3,9.3,9.3,100
VC7,2024-09-27 03:21:00,9.3,9.3,9.3,9.3,100
VC7,2024-09-27 03:24:00,9.3,9.3,9.3,9.3,200
VC7,2024-09-27 03:25:00,9.3,9.3,9.3,9.3,400
VC7,2024-09-27 03:27:00,9.3,9.3,9.3,9.3,100
VC7,2024-09-27 03:32:00,9.3,9.3,9.3,9.3,1000
VC7,2024-09-27 03:38:00,9.3,9.3,9.3,9.3,100
VC7,2024-09-27 03:39:00,9.3,9.3,9.3,9.3,11400
VC7,2024-09-27 03:40:00,9.3,9.3,9.3,9.3,4400
VC7,2024-09-27 03:41:00,9.3,9.3,9.3,9.3,200
VC7,2024-09-27 03:42:00,9.3,9.3,9.3,9.3,100
VC7,2024-09-27 03:44:00,9.3,9.3,9.3,9.3,1300
VC7,2024-09-27 03:46:00,9.3,9.3,9.3,9.3,500
VC7,2024-09-27 03:49:00,9.4,9.4,9.4,9.4,5000
VC7,2024-09-27 04:29:00,9.3,9.3,9.3,9.3,20100
VC7,2024-09-27 06:00:00,9.3,9.3,9.3,9.3,2600
VC7,2024-09-27 06:01:00,9.3,9.3,9.3,9.3,900
VC7,2024-09-27 06:05:00,9.3,9.3,9.3,9.3,100
VC7,2024-09-27 06:07:00,9.3,9.3,9.3,9.3,100
VC7,2024-09-27 06:10:00,9.2,9.2,9.2,9.2,700
VC7,2024-09-27 06:11:00,9.2,9.2,9.2,9.2,1000
VC7,2024-09-27 06:16:00,9.2,9.2,9.2,9.2,1000
VC7,2024-09-27 06:22:00,9.2,9.2,9.2,9.2,15600
VC7,2024-09-27 06:23:00,9.2,9.2,9.2,9.2,100
VC7,2024-09-27 06:24:00,9.2,9.2,9.2,9.2,900
VC7,2024-09-27 06:25:00,9.2,9.2,9.2,9.2,100
VC7,2024-09-27 06:26:00,9.2,9.2,9.2,9.2,100
VC7,2024-09-27 06:28:00,9.2,9.2,9.2,9.2,1600
VC7,2024-09-27 06:35:00,9.2,9.2,9.2,9.2,200
VC7,2024-09-27 06:37:00,9.2,9.2,9.2,9.2,500
VC7,2024-09-27 06:42:00,9.3,9.3,9.3,9.3,600
VC7,2024-09-27 06:53:00,9.2,9.2,9.2,9.2,1100
VC7,2024-09-27 06:57:00,9.2,9.2,9.2,9.2,5000
VC7,2024-09-27 07:00:00,9.2,9.2,9.2,9.2,1600
VC7,2024-09-27 07:01:00,9.2,9.2,9.2,9.2,2500
VC7,2024-09-27 07:07:00,9.2,9.2,9.2,9.2,5000
VC7,2024-09-27 07:10:00,9.2,9.2,9.2,9.2,100
VC7,2024-09-27 07:11:00,9.2,9.2,9.1,9.1,3100
VC7,2024-09-27 07:12:00,9.2,9.2,9.2,9.2,1100
VC7,2024-09-27 07:13:00,9.2,9.2,9.2,9.2,1000
VC7,2024-09-27 07:16:00,9.1,9.1,9.1,9.1,300
VC7,2024-09-27 07:19:00,9.1,9.1,9.1,9.1,48200
VC7,2024-09-27 07:20:00,9.1,9.1,9.1,9.1,2400
VC7,2024-09-27 07:21:00,9.1,9.1,9.0,9.0,3900
VC7,2024-09-27 07:22:00,9.1,9.1,9.1,9.1,2100
VC7,2024-09-27 07:23:00,9.1,9.1,9.1,9.1,14200
VC7,2024-09-27 07:24:00,9.1,9.1,9.1,9.1,6100
VC7,2024-09-27 07:25:00,9.1,9.1,9.1,9.1,8200
VC7,2024-09-27 07:27:00,9.1,9.1,9.1,9.1,9700
VC7,2024-09-27 07:28:00,9.1,9.1,9.1,9.1,21800
VC7,2024-09-27 07:45:00,9.2,9.2,9.2,9.2,3000
VC7,2024-09-30 02:00:00,9.2,9.2,9.2,9.2,100
VC7,2024-09-30 02:05:00,9.2,9.2,9.2,9.2,1000
VC7,2024-09-30 02:08:00,9.2,9.2,9.2,9.2,1000
VC7,2024-09-30 02:15:00,9.2,9.2,9.2,9.2,1000
VC7,2024-09-30 02:22:00,9.1,9.1,9.1,9.1,4900
VC7,2024-09-30 02:23:00,9.1,9.1,9.1,9.1,200
VC7,2024-09-30 02:26:00,9.1,9.1,9.1,9.1,2000
VC7,2024-09-30 02:28:00,9.1,9.1,9.1,9.1,4400
VC7,2024-09-30 02:29:00,9.1,9.1,9.1,9.1,8500
VC7,2024-09-30 02:30:00,9.1,9.1,9.1,9.1,1100
VC7,2024-09-30 02:31:00,9.0,9.1,9.0,9.0,32400
VC7,2024-09-30 02:32:00,9.0,9.1,9.0,9.0,35100
VC7,2024-09-30 02:33:00,9.0,9.0,9.0,9.0,9000
VC7,2024-09-30 02:34:00,9.0,9.0,9.0,9.0,5400
VC7,2024-09-30 02:35:00,9.0,9.0,9.0,9.0,200
VC7,2024-09-30 02:36:00,9.0,9.0,9.0,9.0,300
VC7,2024-09-30 02:47:00,9.1,9.1,9.1,9.1,500
VC7,2024-09-30 02:52:00,9.1,9.1,9.1,9.1,300
VC7,2024-09-30 02:54:00,9.1,9.1,9.1,9.1,100
VC7,2024-09-30 02:55:00,9.1,9.1,9.1,9.1,1300
VC7,2024-09-30 03:00:00,9.1,9.1,9.1,9.1,200
VC7,2024-09-30 03:01:00,9.1,9.1,9.1,9.1,1700
VC7,2024-09-30 03:02:00,9.1,9.1,9.1,9.1,100
VC7,2024-09-30 03:03:00,9.1,9.1,9.1,9.1,2000
VC7,2024-09-30 03:05:00,9.1,9.1,9.1,9.1,100
VC7,2024-09-30 03:06:00,9.1,9.1,9.1,9.1,1400
VC7,2024-09-30 03:07:00,9.1,9.1,9.1,9.1,200
VC7,2024-09-30 03:10:00,9.1,9.1,9.1,9.1,200
VC7,2024-09-30 03:11:00,9.1,9.1,9.1,9.1,2400
VC7,2024-09-30 03:29:00,9.2,9.2,9.2,9.2,1000
VC7,2024-09-30 03:38:00,9.1,9.1,9.1,9.1,4500
VC7,2024-09-30 03:39:00,9.0,9.1,9.0,9.1,200
VC7,2024-09-30 03:47:00,9.1,9.1,9.1,9.1,100
VC7,2024-09-30 03:54:00,9.1,9.1,9.1,9.1,100
VC7,2024-09-30 04:04:00,9.0,9.0,9.0,9.0,100
VC7,2024-09-30 04:06:00,9.0,9.0,9.0,9.0,44800
VC7,2024-09-30 04:07:00,9.0,9.0,9.0,9.0,100
VC7,2024-09-30 06:00:00,9.0,9.0,9.0,9.0,5000
VC7,2024-09-30 06:04:00,9.0,9.0,9.0,9.0,20000
VC7,2024-09-30 06:11:00,9.0,9.0,9.0,9.0,10000
VC7,2024-09-30 06:16:00,9.0,9.0,9.0,9.0,6600
VC7,2024-09-30 06:17:00,9.0,9.0,9.0,9.0,1300
VC7,2024-09-30 06:18:00,9.0,9.0,9.0,9.0,2100
VC7,2024-09-30 06:23:00,9.0,9.0,9.0,9.0,1000
VC7,2024-09-30 06:36:00,9.1,9.1,9.1,9.1,100
VC7,2024-09-30 06:39:00,9.1,9.1,9.1,9.1,700
VC7,2024-09-30 06:46:00,9.1,9.1,9.1,9.1,500
VC7,2024-09-30 06:48:00,9.0,9.0,9.0,9.0,100
VC7,2024-09-30 07:00:00,9.0,9.0,9.0,9.0,6000
VC7,2024-09-30 07:01:00,9.0,9.0,9.0,9.0,100
VC7,2024-09-30 07:04:00,9.1,9.1,9.1,9.1,500
VC7,2024-09-30 07:07:00,9.0,9.1,9.0,9.1,900
VC7,2024-09-30 07:14:00,9.0,9.0,9.0,9.0,1100
VC7,2024-09-30 07:16:00,9.0,9.0,9.0,9.0,2300
VC7,2024-09-30 07:17:00,9.0,9.0,9.0,9.0,400
VC7,2024-09-30 07:18:00,9.0,9.0,9.0,9.0,3500
VC7,2024-09-30 07:19:00,9.0,9.0,9.0,9.0,4000
VC7,2024-09-30 07:20:00,9.1,9.1,9.1,9.1,10000
VC7,2024-09-30 07:23:00,9.1,9.1,9.1,9.1,500
VC7,2024-09-30 07:24:00,9.1,9.1,9.0,9.0,7000
VC7,2024-09-30 07:27:00,9.0,9.0,9.0,9.0,9800
VC7,2024-09-30 07:29:00,9.1,9.1,9.0,9.0,700
VC7,2024-09-30 07:45:00,9.1,9.1,9.1,9.1,2700
