ticker,time,open,high,low,close,volume
GDA,2023-09-07,28.38164,28.38164,22.97561,23.44864,780400
GDA,2023-09-08,24.39469,24.39469,22.57016,23.31349,371170
GDA,2023-09-11,23.31349,24.25954,21.15108,21.15108,155717
GDA,2023-09-12,21.6241,21.6241,18.98867,20.20502,352580
GDA,2023-09-13,20.20502,20.2726,19.25897,19.39412,301621
GDA,2023-09-14,19.32654,19.32654,17.56959,18.04261,323985
GDA,2023-09-15,16.89383,18.58321,16.89383,17.83989,144686
GDA,2023-09-18,17.83989,19.19139,17.83989,18.78594,152902
GDA,2023-09-19,18.85352,18.92109,18.24534,18.31291,73913
GDA,2023-09-20,18.78594,18.92109,18.44806,18.85352,74802
GDA,2023-09-21,18.98867,19.05624,18.65079,18.71837,141353
GDA,2023-09-22,18.71837,18.71837,17.90746,17.90746,133249
GDA,2023-09-25,17.90746,17.90746,16.28565,16.4208,128345
GDA,2023-09-26,16.62353,17.09656,15.20445,16.08293,212833
GDA,2023-09-27,16.01535,16.21808,15.81263,16.21808,68901
GDA,2023-09-28,16.08293,16.89383,16.01535,16.75868,89156
GDA,2023-09-29,16.89383,16.89383,16.35323,16.35323,28330
GDA,2023-10-02,16.55596,17.23171,16.28565,16.4208,121600
GDA,2023-10-03,16.35323,16.4208,15.8802,16.1505,58600
GDA,2023-10-04,15.8802,16.08293,15.81263,15.94778,27800
GDA,2023-10-05,16.1505,17.16413,16.1505,16.69111,120200
GDA,2023-10-06,16.75868,16.75868,16.48838,16.62353,25700
GDA,2023-10-09,16.62353,16.82626,16.55596,16.75868,23601
GDA,2023-10-10,16.69111,17.23171,16.69111,17.09656,156000
GDA,2023-10-11,17.09656,17.43443,17.09656,17.43443,105200
GDA,2023-10-12,17.29928,17.36686,17.02898,17.09656,52400
GDA,2023-10-13,16.82626,16.82626,16.21808,16.82626,27400
GDA,2023-10-16,16.62353,17.16413,16.55596,16.55596,32000
GDA,2023-10-17,16.82626,17.23171,15.6099,15.8802,70001
GDA,2023-10-18,16.4208,16.4208,15.74505,15.94778,54501
GDA,2023-10-19,15.81263,15.81263,14.93415,14.93415,98514
GDA,2023-10-20,15.27202,15.8802,14.93415,15.81263,35003
GDA,2023-10-23,15.6099,15.94778,15.40717,15.47475,35802
GDA,2023-10-24,15.6099,15.81263,15.47475,15.81263,20300
GDA,2023-10-25,15.54233,15.74505,15.54233,15.74505,47000
GDA,2023-10-26,15.54233,15.54233,14.86657,14.86657,93100
GDA,2023-10-27,15.0693,15.54233,14.66385,14.93415,20400
GDA,2023-10-30,14.86657,15.67748,14.86657,15.0693,195555
GDA,2023-10-31,15.54233,15.54233,14.86657,15.3396,15900
GDA,2023-11-01,15.00172,15.13687,14.86657,15.13687,47200
GDA,2023-11-02,15.13687,15.54233,15.0693,15.54233,46800
GDA,2023-11-03,15.6099,16.01535,15.27202,15.47475,123705
GDA,2023-11-06,15.6099,15.81263,15.40717,15.67748,83200
GDA,2023-11-07,16.08293,16.89383,15.8802,16.21808,72024
GDA,2023-11-08,16.21808,16.62353,16.08293,16.55596,69202
GDA,2023-11-09,16.82626,17.23171,16.82626,17.02898,267614
GDA,2023-11-10,17.16413,17.16413,16.62353,16.82626,154237
GDA,2023-11-13,16.89383,17.56959,16.89383,17.02898,99142
GDA,2023-11-14,17.16413,17.29928,17.02898,17.29928,166830
GDA,2023-11-15,17.16413,17.83989,16.82626,16.96141,50435
GDA,2023-11-16,17.16413,17.16413,16.55596,16.82626,43075
GDA,2023-11-17,17.16413,17.23171,16.62353,16.69111,71427
GDA,2023-11-20,16.75868,16.75868,16.48838,16.55596,52679
GDA,2023-11-21,16.89383,17.09656,16.69111,17.02898,98342
GDA,2023-11-22,17.02898,17.02898,16.82626,16.96141,124253
GDA,2023-11-23,17.1754,17.1754,16.68266,16.68266,139931
GDA,2023-11-24,16.96422,16.96422,16.54188,16.61227,43500
GDA,2023-11-27,16.61227,16.82344,16.3307,16.3307,27900
GDA,2023-11-28,16.3307,16.3307,15.83797,16.3307,47306
GDA,2023-11-29,16.47149,16.68266,16.3307,16.54188,198010
GDA,2023-11-30,16.75305,16.89383,16.54188,16.61227,36790
GDA,2023-12-01,16.68266,16.75305,16.47149,16.61227,84414
GDA,2023-12-04,16.61227,17.105,16.61227,17.03461,88100
GDA,2023-12-05,17.03461,17.03461,16.54188,16.75305,81410
GDA,2023-12-06,16.82344,16.82344,16.4011,16.68266,169110
GDA,2023-12-07,16.68266,16.68266,16.3307,16.3307,48724
GDA,2023-12-08,16.54188,16.82344,16.54188,16.68266,78002
GDA,2023-12-11,16.75305,16.75305,16.54188,16.54188,24119
GDA,2023-12-12,16.68266,16.96422,16.68266,16.82344,68300
GDA,2023-12-13,16.68266,16.75305,14.35976,16.3307,66240
GDA,2023-12-14,16.61227,16.68266,16.4011,16.4011,19400
GDA,2023-12-15,16.3307,16.75305,15.62679,16.54188,48400
GDA,2023-12-18,16.54188,16.54188,16.26031,16.26031,12230
GDA,2023-12-19,16.18992,16.4011,15.5564,16.3307,84400
GDA,2023-12-20,16.3307,16.61227,16.3307,16.61227,28600
GDA,2023-12-21,16.4011,17.03461,16.4011,16.82344,92802
GDA,2023-12-22,16.82344,16.89383,16.47149,16.75305,26639
GDA,2023-12-25,16.82344,18.16087,16.75305,17.52735,318470
GDA,2023-12-26,17.52735,17.66813,17.52735,17.59774,70501
GDA,2023-12-27,17.59774,17.80891,17.59774,17.59774,112017
GDA,2023-12-28,17.59774,17.80891,17.59774,17.73852,108911
GDA,2023-12-29,17.9497,17.9497,17.59774,17.73852,64906
GDA,2024-01-02,17.80891,17.9497,17.59774,17.73852,74308
GDA,2024-01-03,17.87931,18.44243,17.66813,18.02009,193805
GDA,2024-01-04,18.09048,18.30165,18.09048,18.16087,419500
GDA,2024-01-05,17.87931,18.30165,17.87931,18.23126,85801
GDA,2024-01-08,18.30165,18.724,18.23126,18.37204,83400
GDA,2024-01-09,18.44243,18.44243,18.09048,18.16087,69400
GDA,2024-01-10,18.16087,18.30165,17.87931,17.9497,166900
GDA,2024-01-11,17.66813,18.09048,17.66813,18.02009,59700
GDA,2024-01-12,17.87931,17.9497,17.73852,17.9497,87800
GDA,2024-01-15,17.87931,17.87931,17.59774,17.59774,112511
GDA,2024-01-16,17.59774,18.30165,17.59774,18.23126,141500
GDA,2024-01-17,18.23126,18.65361,18.09048,18.30165,447804
GDA,2024-01-18,18.09048,18.79439,17.9497,18.37204,425804
GDA,2024-01-19,18.44243,18.44243,18.09048,18.23126,101801
GDA,2024-01-22,18.30165,18.724,18.30165,18.58321,157096
GDA,2024-01-23,18.65361,18.724,18.51282,18.65361,67700
GDA,2024-01-24,18.58321,18.65361,18.30165,18.30165,86500
GDA,2024-01-25,18.51282,18.51282,18.30165,18.37204,84509
GDA,2024-01-26,18.44243,18.724,18.30165,18.58321,201600
GDA,2024-01-29,18.58321,18.79439,18.51282,18.51282,138400
GDA,2024-01-30,18.51282,18.51282,18.16087,18.30165,160350
GDA,2024-01-31,18.16087,18.16087,17.73852,17.73852,213600
GDA,2024-02-01,17.87931,17.87931,17.66813,17.66813,96000
GDA,2024-02-02,17.87931,18.23126,17.73852,17.87931,152320
GDA,2024-02-05,17.73852,17.87931,17.66813,17.73852,74160
GDA,2024-02-06,17.80891,18.02009,17.80891,17.9497,90127
GDA,2024-02-07,17.66813,17.9497,17.66813,17.9497,27100
GDA,2024-02-15,17.80891,18.30165,17.80891,18.16087,159510
GDA,2024-02-16,18.30165,18.30165,17.9497,18.02009,29700
GDA,2024-02-19,18.02009,18.02009,17.73852,17.80891,107115
GDA,2024-02-20,17.80891,17.80891,17.59774,17.80891,233809
GDA,2024-02-21,17.66813,17.80891,17.66813,17.73852,74200
GDA,2024-02-22,17.66813,17.73852,17.38657,17.59774,146023
GDA,2024-02-23,17.52735,17.52735,17.1754,17.31618,134386
GDA,2024-02-26,17.45696,17.52735,16.96422,17.24579,40800
GDA,2024-02-27,17.24579,17.52735,17.1754,17.38657,74000
GDA,2024-02-28,17.38657,17.45696,17.24579,17.38657,21130
GDA,2024-02-29,17.31618,17.38657,17.105,17.1754,105109
GDA,2024-03-01,17.24579,17.24579,17.105,17.1754,97200
GDA,2024-03-04,17.105,17.38657,17.105,17.105,39901
GDA,2024-03-05,17.105,17.31618,16.82344,16.89383,102000
GDA,2024-03-06,16.96422,16.96422,16.68266,16.82344,78700
GDA,2024-03-07,16.89383,16.96422,16.75305,16.75305,92231
GDA,2024-03-08,16.89383,16.89383,16.61227,16.61227,51103
GDA,2024-03-11,16.61227,16.89383,16.47149,16.61227,47522
GDA,2024-03-12,16.61227,16.61227,16.3307,16.54188,33723
GDA,2024-03-13,16.54188,16.89383,16.54188,16.75305,100716
GDA,2024-03-14,16.82344,16.82344,16.54188,16.54188,27500
GDA,2024-03-15,16.47149,16.68266,16.4011,16.4011,98270
GDA,2024-03-18,16.54188,18.23126,16.3307,16.3307,90889
GDA,2024-03-19,16.61227,16.89383,16.3307,16.4011,56450
GDA,2024-03-20,16.4011,16.61227,16.3307,16.4011,53878
GDA,2024-03-21,16.54188,16.68266,16.3307,16.47149,69220
GDA,2024-03-22,16.68266,16.68266,16.54188,16.61227,101610
GDA,2024-03-25,16.61227,16.68266,16.3307,16.54188,38553
GDA,2024-03-26,16.4011,16.54188,16.3307,16.4011,18330
GDA,2024-03-27,16.4011,16.68266,16.3307,16.3307,95276
GDA,2024-03-28,16.4011,16.75305,16.3307,16.61227,120355
GDA,2024-03-29,16.54188,16.61227,16.4011,16.54188,33535
GDA,2024-04-01,16.54188,16.68266,16.47149,16.68266,25250
GDA,2024-04-02,16.68266,16.68266,16.47149,16.68266,53621
GDA,2024-04-03,16.68266,16.68266,16.54188,16.61227,28906
GDA,2024-04-04,16.61227,16.61227,16.47149,16.54188,61444
GDA,2024-04-05,16.54188,16.61227,16.4011,16.54188,41139
GDA,2024-04-08,16.54188,16.54188,16.3307,16.3307,34310
GDA,2024-04-09,16.4011,16.4011,16.26031,16.3307,30617
GDA,2024-04-10,16.3307,16.4011,16.26031,16.3307,19600
GDA,2024-04-11,16.26031,16.4011,16.18992,16.3307,48308
GDA,2024-04-12,16.26031,16.47149,16.26031,16.4011,14000
GDA,2024-04-15,16.4011,16.47149,15.83797,15.90836,141602
GDA,2024-04-16,15.90836,16.26031,15.5564,15.83797,46102
GDA,2024-04-17,15.90836,15.90836,15.5564,15.5564,10505
GDA,2024-04-19,15.5564,15.5564,15.06367,15.34523,101210
GDA,2024-04-22,15.41562,17.31618,15.27484,15.34523,31841
GDA,2024-04-23,15.62679,15.62679,15.34523,15.34523,22800
GDA,2024-04-24,15.62679,15.62679,15.34523,15.62679,32401
GDA,2024-04-25,15.48601,15.48601,15.27484,15.27484,11413
GDA,2024-04-26,15.27484,15.27484,15.13406,15.13406,32920
GDA,2024-05-02,15.20445,16.3307,15.20445,15.90836,120005
GDA,2024-05-03,15.97875,15.97875,15.48601,15.48601,40900
GDA,2024-05-06,15.5564,16.89383,15.5564,16.47149,104960
GDA,2024-05-07,16.26031,16.26031,15.90836,16.11953,36113
GDA,2024-05-08,16.11953,16.18992,15.83797,15.97875,37220
GDA,2024-05-09,15.97875,16.11953,15.97875,16.04914,25630
GDA,2024-05-10,15.97875,15.97875,15.90836,15.90836,34625
GDA,2024-05-13,16.11953,16.18992,15.90836,16.04914,28900
GDA,2024-05-14,16.18992,16.18992,16.04914,16.11953,9505
GDA,2024-05-15,16.11953,16.11953,16.04914,16.11953,28201
GDA,2024-05-16,16.11953,16.75305,16.11953,16.26031,59085
GDA,2024-05-17,16.26031,17.105,16.26031,17.105,346519
GDA,2024-05-20,16.75305,17.38657,16.75305,17.1754,102107
GDA,2024-05-21,17.1754,17.59774,16.82344,16.89383,136098
GDA,2024-05-22,17.03461,19.35752,17.03461,18.51282,924673
GDA,2024-05-23,18.51282,18.724,17.9497,18.37204,229137
GDA,2024-05-24,18.37204,18.51282,17.105,17.80891,290351
GDA,2024-05-27,17.73852,18.30165,17.73852,18.30165,60515
GDA,2024-05-28,18.16087,18.37204,17.9497,18.30165,152910
GDA,2024-05-29,18.30165,19.92064,18.23126,19.00556,469182
GDA,2024-05-30,18.65361,19.07595,18.51282,18.93517,147231
GDA,2024-05-31,18.86478,19.14634,18.37204,18.79439,99209
GDA,2024-06-03,18.86478,19.14634,18.79439,18.93517,135950
GDA,2024-06-04,19.00556,19.63908,18.79439,19.21673,191836
GDA,2024-06-05,19.56869,20.34299,19.4983,19.56869,539397
GDA,2024-06-06,19.85025,20.34299,19.70947,20.20221,671444
GDA,2024-06-07,20.34299,20.62455,19.99103,20.2726,243654
GDA,2024-06-10,20.34299,20.76533,20.20221,20.55416,373701
GDA,2024-06-11,20.55416,22.17315,20.55416,21.53964,637779
GDA,2024-06-12,21.11729,23.86254,21.11729,23.86254,739078
GDA,2024-06-13,23.86254,24.84801,23.22902,23.51058,608968
GDA,2024-06-14,23.93293,24.56645,22.5955,22.73628,686587
GDA,2024-06-17,22.73628,25.19997,22.73628,24.63684,1047087
GDA,2024-06-18,24.77762,24.77762,23.93293,24.07371,299499
GDA,2024-06-19,24.07371,24.28488,23.65136,23.79215,413263
GDA,2024-06-20,23.93293,23.93293,23.22902,23.79215,427476
GDA,2024-06-21,23.86254,25.62231,23.79215,25.62231,941246
GDA,2024-06-24,25.62231,25.62231,23.86254,24.35527,538804
GDA,2024-06-25,24.07371,24.63684,23.3698,24.49606,403669
GDA,2024-06-26,24.49606,24.84801,23.86254,24.63684,257583
GDA,2024-06-27,24.63684,24.63684,23.58097,23.86254,212136
GDA,2024-06-28,23.86254,24.1441,22.17315,22.52511,600242
GDA,2024-07-01,22.66589,22.66589,21.11729,21.61003,556189
GDA,2024-07-02,21.8212,22.66589,21.8212,22.52511,225574
GDA,2024-07-03,22.5955,22.66589,22.17315,22.24355,145392
GDA,2024-07-04,22.5955,23.44019,22.5955,23.01785,276157
GDA,2024-07-05,23.58097,23.58097,22.24355,22.38433,266882
GDA,2024-07-08,22.45472,23.29941,22.31394,22.38433,230110
GDA,2024-07-09,22.38433,23.51058,22.38433,23.51058,474513
GDA,2024-07-10,23.51058,24.98879,23.3698,24.28488,862560
GDA,2024-07-11,24.42567,24.56645,23.22902,23.58097,367335
GDA,2024-07-12,23.72176,23.93293,22.87706,23.29941,320193
GDA,2024-07-15,23.51058,23.72176,22.94745,23.08824,139327
GDA,2024-07-16,23.08824,23.51058,22.87706,23.22902,262190
GDA,2024-07-17,23.15863,23.22902,19.77986,21.75081,766117
GDA,2024-07-18,20.83573,22.31394,20.76533,22.31394,315259
GDA,2024-07-19,21.68042,22.31394,21.46924,21.8212,141178
GDA,2024-07-22,21.75081,21.75081,20.20221,20.69494,230042
GDA,2024-07-23,20.90612,21.32846,20.2726,20.41338,121311
GDA,2024-07-24,20.55416,20.62455,19.70947,20.55416,126794
GDA,2024-07-25,20.69494,20.69494,19.70947,20.20221,102744
GDA,2024-07-26,19.99103,20.62455,19.99103,20.55416,92013
GDA,2024-07-29,20.62455,21.32846,20.41338,21.25807,231179
GDA,2024-07-30,21.11729,21.32846,20.69494,20.97651,108842
GDA,2024-07-31,21.18768,22.17315,20.62455,20.83573,283183
GDA,2024-08-01,20.83573,21.18768,19.70947,20.13182,301480
GDA,2024-08-02,20.13182,20.69494,19.56869,20.48377,130747
GDA,2024-08-05,19.70947,20.13182,18.86478,19.00556,167082
GDA,2024-08-06,18.79439,19.56869,18.724,19.42791,115369
GDA,2024-08-07,19.56869,19.70947,19.07595,19.42791,155565
GDA,2024-08-08,19.21673,19.4983,18.93517,18.93517,120288
GDA,2024-08-09,19.28712,19.63908,19.14634,19.4983,137906
GDA,2024-08-12,19.28712,20.13182,19.28712,20.06143,127365
GDA,2024-08-13,19.77986,20.13182,19.42791,19.63908,82799
GDA,2024-08-14,19.63908,19.63908,19.14634,19.14634,136634
GDA,2024-08-15,19.28712,19.28712,18.44243,18.724,186110
GDA,2024-08-16,18.79439,19.42791,18.65361,19.07595,285828
GDA,2024-08-19,19.28712,19.70947,19.14634,19.35752,111958
GDA,2024-08-20,19.35752,19.63908,19.14634,19.42791,130150
GDA,2024-08-21,19.21673,19.85025,19.14634,19.56869,308955
GDA,2024-08-22,19.63908,19.85025,19.35752,19.4983,126848
GDA,2024-08-23,19.21673,19.85025,19.14634,19.70947,264334
GDA,2024-08-26,19.56869,20.69494,19.56869,19.85025,294835
GDA,2024-08-27,19.92064,19.92064,19.4983,19.63908,248059
GDA,2024-08-28,19.70947,20.34299,19.70947,20.13182,628496
GDA,2024-08-29,20.41338,20.97651,20.20221,20.2726,524481
GDA,2024-08-30,20.2726,20.41338,20.13182,20.2726,149460
GDA,2024-09-04,20.2726,20.2726,19.70947,19.92064,451922
GDA,2024-09-05,16.89383,19.77986,16.89383,19.14634,564490
GDA,2024-09-06,19.00556,19.4983,19.00556,19.42791,95401
GDA,2024-09-09,19.70947,20.13182,19.56869,19.85025,377678
GDA,2024-09-10,19.92064,20.06143,19.35752,19.56869,130012
GDA,2024-09-11,19.35752,21.11729,19.35752,20.13182,449423
GDA,2024-09-12,20.41338,20.41338,19.85025,19.92064,72450
GDA,2024-09-13,20.06143,20.06143,19.42791,19.56869,141099
GDA,2024-09-16,19.85025,19.85025,19.28712,19.28712,111809
GDA,2024-09-17,19.63908,19.63908,19.07595,19.42791,164534
GDA,2024-09-18,19.42791,19.42791,19.14634,19.14634,221235
GDA,2024-09-19,19.28712,19.56869,19.14634,19.28712,196853
GDA,2024-09-20,19.4983,19.70947,19.28712,19.42791,300410
GDA,2024-09-23,19.42791,19.42791,19.14634,19.21673,215278
GDA,2024-09-24,19.28712,19.28712,19.00556,19.07595,212693
GDA,2024-09-25,19.21673,19.77986,19.21673,19.35752,335416
GDA,2024-09-26,19.42791,19.4983,19.21673,19.21673,171974
GDA,2024-09-27,19.4983,19.56869,19.21673,19.28712,139096
GDA,2024-09-30,19.42791,19.92064,19.42791,19.92064,397020
GDA,2024-10-01,19.99103,20.62455,19.99103,20.34299,567198
GDA,2024-10-02,20.2726,20.41338,20.06143,20.20221,147907
GDA,2024-10-03,20.34299,20.55416,19.70947,19.85025,371351
GDA,2024-10-04,19.92064,20.13182,19.70947,19.92064,308230
GDA,2024-10-07,19.99103,19.99103,19.63908,19.77986,114779
GDA,2024-10-08,19.77986,20.13182,19.4983,19.85025,180420
GDA,2024-10-09,19.99103,20.20221,19.85025,20.13182,147259
GDA,2024-10-10,20.13182,20.48377,19.92064,19.99103,277863
GDA,2024-10-11,20.13182,20.20221,19.99103,20.20221,105674
GDA,2024-10-14,20.2726,20.34299,19.85025,19.85025,154886
GDA,2024-10-15,19.99103,20.13182,19.85025,19.92064,172315
GDA,2024-10-16,19.99103,20.06143,19.92064,19.99103,98124
GDA,2024-10-17,19.99103,19.99103,19.77986,19.99103,53830
GDA,2024-10-18,20.06143,20.34299,19.85025,19.92064,112432
GDA,2024-10-21,19.92064,19.92064,19.63908,19.70947,128650
GDA,2024-10-22,19.70947,19.77986,19.35752,19.4983,143354
GDA,2024-10-23,19.56869,19.56869,19.35752,19.4983,71921
GDA,2024-10-24,19.4983,19.63908,19.21673,19.42791,51260
GDA,2024-10-25,19.56869,19.56869,19.35752,19.42791,39301
GDA,2024-10-28,19.4983,20.2726,19.4983,19.99103,201434
GDA,2024-10-29,20.06143,20.20221,19.99103,20.13182,91112
GDA,2024-10-30,20.13182,20.20221,19.77986,20.20221,124562
GDA,2024-10-31,20.06143,20.41338,20.06143,20.20221,174211
GDA,2024-11-01,20.13182,20.13182,19.85025,19.85025,101442
GDA,2024-11-04,17.31618,19.99103,17.31618,19.56869,115841
GDA,2024-11-05,19.99103,19.99103,19.63908,19.77986,48110
GDA,2024-11-06,19.85025,19.99103,19.70947,19.99103,82221
GDA,2024-11-07,19.99103,19.99103,19.70947,19.85025,118804
GDA,2024-11-08,20.43703,20.43703,19.78012,19.9261,116616
GDA,2024-11-11,19.9261,20.21806,19.78012,20.14507,183261
GDA,2024-11-12,20.07208,21.16692,20.07208,21.02094,671361
GDA,2024-11-13,20.87496,20.94795,20.43703,20.72899,210476
GDA,2024-11-14,20.656,20.80198,20.43703,20.58301,331150
GDA,2024-11-15,20.51002,20.51002,19.78012,19.85311,388694
GDA,2024-11-18,19.70713,20.29105,19.56116,19.85311,206968
GDA,2024-11-19,19.9261,19.9261,19.2692,19.2692,231106
GDA,2024-11-20,19.63415,19.63415,18.97724,19.2692,139168
GDA,2024-11-21,19.2692,19.48817,19.2692,19.34219,53500
GDA,2024-11-22,19.41518,19.56116,19.41518,19.41518,64247
GDA,2024-11-25,19.34219,19.56116,19.19621,19.48817,127900
GDA,2024-11-26,19.48817,19.70713,19.48817,19.63415,81505
GDA,2024-11-27,19.56116,19.56116,19.41518,19.48817,42900
GDA,2024-11-28,19.48817,19.70713,19.48817,19.63415,87003
GDA,2024-11-29,19.70713,20.07208,19.56116,19.78012,208997
GDA,2024-12-02,19.9261,20.21806,19.70713,19.70713,87912
GDA,2024-12-03,19.85311,19.9261,19.63415,19.78012,90748
GDA,2024-12-04,19.70713,19.70713,19.48817,19.48817,103100
GDA,2024-12-05,19.56116,19.9261,19.19621,19.78012,209305
GDA,2024-12-06,19.85311,19.85311,19.56116,19.70713,81201
GDA,2024-12-09,19.70713,19.9261,19.56116,19.85311,206200
GDA,2024-12-10,19.78012,20.07208,19.78012,19.85311,219993
GDA,2024-12-11,19.85311,19.99909,19.78012,19.85311,138827
GDA,2024-12-12,19.85311,20.29105,19.85311,19.99909,613287
GDA,2024-12-13,19.85311,20.21806,19.85311,19.9261,136020
GDA,2024-12-16,19.85311,19.99909,19.63415,19.70713,135912
GDA,2024-12-17,19.70713,19.78012,19.56116,19.70713,80600
GDA,2024-12-18,19.63415,19.99909,19.63415,19.99909,129812
GDA,2024-12-19,19.70713,19.9261,19.63415,19.78012,125102
GDA,2024-12-20,19.78012,19.99909,19.70713,19.78012,124718
GDA,2024-12-23,19.78012,20.58301,19.78012,20.51002,598570
GDA,2024-12-24,20.43703,21.02094,20.43703,20.72899,518557
GDA,2024-12-25,20.58301,20.94795,20.43703,20.51002,363778
GDA,2024-12-26,20.51002,20.80198,20.51002,20.58301,213200
GDA,2024-12-27,20.72899,20.72899,20.14507,20.14507,302610
GDA,2024-12-30,20.07208,20.21806,19.85311,19.99909,209379
GDA,2024-12-31,19.9261,19.99909,19.78012,19.99909,134063
GDA,2025-01-02,19.85311,20.07208,19.85311,19.99909,90403
GDA,2025-01-03,19.9261,19.9261,19.48817,19.70713,221918
GDA,2025-01-06,19.70713,19.70713,19.34219,19.41518,197354
GDA,2025-01-07,19.41518,19.48817,19.05023,19.2692,142550
GDA,2025-01-08,19.12322,19.34219,19.05023,19.19621,72200
GDA,2025-01-09,19.19621,19.41518,19.12322,19.2692,81000
GDA,2025-01-10,19.2692,19.2692,18.75827,18.75827,150606
GDA,2025-01-13,18.83126,18.97724,18.75827,18.97724,93106
GDA,2025-01-14,19.19621,19.19621,18.90425,19.05023,42800
GDA,2025-01-15,19.19621,19.70713,19.05023,19.34219,69000
GDA,2025-01-16,19.34219,19.48817,19.19621,19.2692,24403
GDA,2025-01-17,18.02838,19.34219,18.02838,19.34219,63850
GDA,2025-01-20,19.41518,19.41518,19.34219,19.34219,50905
GDA,2025-01-21,19.41518,19.41518,19.05023,19.12322,53854
GDA,2025-01-22,19.2692,19.2692,18.83126,19.12322,68268
GDA,2025-01-23,19.05023,19.2692,18.97724,19.12322,69555
GDA,2025-01-24,19.05023,19.05023,18.83126,18.97724,78260
GDA,2025-02-03,18.97724,18.97724,17.73642,18.10137,281245
GDA,2025-02-04,18.24735,18.39333,18.02838,18.24735,161000
GDA,2025-02-05,18.32034,18.46632,18.24735,18.39333,91150
GDA,2025-02-06,18.39333,18.46632,18.10137,18.24735,94917
GDA,2025-02-07,18.32034,18.5393,18.32034,18.46632,98059
GDA,2025-02-10,18.39333,18.39333,17.44446,17.51745,530107
GDA,2025-02-11,17.51745,17.51745,16.93354,17.37147,185869
GDA,2025-02-12,17.44446,17.80941,17.37147,17.44446,92344
GDA,2025-02-13,17.51745,17.51745,17.29848,17.37147,86229
GDA,2025-02-14,17.37147,17.44446,16.86055,17.29848,96331
GDA,2025-02-17,17.29848,17.37147,17.15251,17.2255,85705
GDA,2025-02-18,17.2255,17.59044,17.2255,17.51745,71281
GDA,2025-02-19,17.59044,17.66343,17.37147,17.51745,129121
GDA,2025-02-20,17.51745,17.73642,17.44446,17.59044,66572
GDA,2025-02-21,17.59044,17.73642,17.59044,17.59044,49638
GDA,2025-02-24,15.03581,18.61229,15.03581,17.8824,289067
GDA,2025-02-25,18.24735,18.24735,17.73642,17.73642,75986
GDA,2025-02-26,17.8824,18.17436,17.73642,17.8824,104043
GDA,2025-02-27,17.8824,19.41518,17.73642,18.97724,884861
GDA,2025-02-28,18.97724,19.34219,18.83126,19.05023,256288
GDA,2025-03-03,18.97724,19.2692,18.68528,18.75827,214340
GDA,2025-03-04,18.75827,18.97724,18.5393,18.68528,191413
GDA,2025-03-05,18.90425,18.90425,18.10137,18.17436,230501
GDA,2025-03-06,18.24735,18.83126,18.17436,18.75827,126323
GDA,2025-03-07,18.75827,18.75827,18.46632,18.68528,82483
GDA,2025-03-10,18.75827,18.75827,18.39333,18.5393,60762
GDA,2025-03-11,18.39333,18.68528,18.17436,18.61229,73518
GDA,2025-03-12,18.61229,18.83126,18.46632,18.61229,153592
GDA,2025-03-13,18.75827,18.90425,18.46632,18.61229,237671
GDA,2025-03-14,18.61229,18.68528,18.24735,18.24735,170700
GDA,2025-03-17,18.5393,18.61229,18.24735,18.46632,171548
GDA,2025-03-18,18.39333,18.68528,18.32034,18.32034,113569
GDA,2025-03-19,18.39333,18.39333,18.02838,18.10137,196001
GDA,2025-03-20,18.10137,18.24735,17.80941,17.8824,157519
GDA,2025-03-21,18.02838,18.02838,17.80941,17.8824,65446
GDA,2025-03-24,17.80941,17.80941,17.66343,17.66343,89300
GDA,2025-03-25,17.80941,17.95539,17.66343,17.80941,48400
GDA,2025-03-26,17.80941,18.10137,17.66343,17.8824,77787
GDA,2025-03-27,17.8824,17.8824,17.66343,17.66343,17426
GDA,2025-03-28,17.73642,17.73642,17.44446,17.44446,31601
GDA,2025-03-31,17.51745,17.66343,17.37147,17.37147,38767
GDA,2025-04-01,17.44446,18.02838,17.44446,17.66343,63002
GDA,2025-04-02,18.10137,18.46632,17.8824,17.8824,225412
GDA,2025-04-03,17.15251,17.15251,15.47375,15.47375,358305
GDA,2025-04-04,15.47375,15.47375,13.86798,14.67087,278022
GDA,2025-04-08,14.67087,14.67087,12.4082,12.4082,474323
GDA,2025-04-09,12.18923,12.70015,11.53232,12.04325,150724
GDA,2025-04-10,13.94097,14.01396,13.86798,14.01396,55521
GDA,2025-04-11,14.59788,15.8387,13.50304,14.01396,380916
GDA,2025-04-14,14.01396,14.08695,13.79499,13.94097,95857
GDA,2025-04-15,13.94097,13.94097,13.50304,13.64902,123302
GDA,2025-04-16,13.57603,13.86798,13.35706,13.50304,94792
GDA,2025-04-17,13.57603,13.57603,13.0651,13.35706,54460
GDA,2025-04-18,13.43005,13.43005,13.21108,13.28407,62520
GDA,2025-04-21,13.28407,13.57603,12.84613,13.28407,54112
GDA,2025-04-22,13.21108,13.28407,12.04325,12.84613,126514
GDA,2025-04-23,13.13809,13.35706,12.84613,13.21108,161627
GDA,2025-04-24,13.21108,13.50304,13.13809,13.21108,57560
GDA,2025-04-25,13.28407,13.43005,13.0651,13.28407,68921
GDA,2025-04-28,13.21108,13.28407,12.99211,13.13809,80012
GDA,2025-04-29,13.21108,13.35706,13.13809,13.21108,102848
GDA,2025-05-05,13.43005,14.15994,13.43005,13.86798,143128
GDA,2025-05-06,14.01396,14.01396,13.79499,14.01396,82297
GDA,2025-05-07,14.15994,14.15994,13.722,13.94097,77230
GDA,2025-05-08,13.94097,14.08695,13.79499,14.08695,60223
GDA,2025-05-09,14.15994,14.59788,14.01396,14.59788,116082
GDA,2025-05-12,15.30708,15.384,14.6148,15.07632,145100
GDA,2025-05-13,15.07632,15.61476,15.07632,15.30708,97675
GDA,2025-05-14,15.15324,15.384,14.84556,14.9994,80640
GDA,2025-05-15,14.9994,14.9994,14.76864,14.76864,115646
GDA,2025-05-16,14.92248,15.15324,14.76864,14.84556,44461
GDA,2025-05-19,14.69172,14.69172,14.46096,14.46096,53482
GDA,2025-05-20,14.38404,14.53788,14.2302,14.46096,24921
GDA,2025-05-21,14.30712,14.46096,14.30712,14.38404,17821
GDA,2025-05-22,14.38404,14.53788,13.8456,14.30712,93762
GDA,2025-05-23,14.30712,15.384,14.30712,15.15324,178167
GDA,2025-05-26,15.15324,15.30708,14.53788,14.92248,253895
GDA,2025-05-27,15.07632,15.46092,14.92248,15.07632,145181
GDA,2025-05-28,15.23016,15.99936,15.23016,15.61476,284241
GDA,2025-05-29,15.61476,15.99936,15.07632,15.46092,165154
GDA,2025-05-30,15.46092,15.84552,15.30708,15.384,133329
GDA,2025-06-02,15.23016,15.384,14.69172,14.9994,152422
GDA,2025-06-03,14.9994,15.23016,14.9994,15.07632,80503
GDA,2025-06-04,15.07632,15.23016,14.9994,15.23016,88028
GDA,2025-06-05,15.23016,15.23016,14.92248,15.07632,73751
GDA,2025-06-06,15.07632,15.23016,14.9994,15.07632,67310
GDA,2025-06-09,15.07632,15.07632,14.9994,15.07632,34076
GDA,2025-06-10,15.07632,15.30708,15.07632,15.15324,68220
GDA,2025-06-11,15.15324,15.15324,14.9994,14.9994,31311
GDA,2025-06-12,15.07632,15.69168,15.07632,15.384,113620
GDA,2025-06-13,15.384,15.384,14.92248,14.9994,109837
GDA,2025-06-16,14.9994,15.23016,14.92248,15.23016,54178
GDA,2025-06-17,15.30708,15.30708,14.9994,15.07632,86130
GDA,2025-06-18,15.07632,15.15324,14.9994,15.07632,80315
GDA,2025-06-19,14.9994,15.07632,14.92248,14.9994,69920
GDA,2025-06-20,15.15324,15.15324,14.76864,14.92248,63815
GDA,2025-06-23,14.76864,14.9994,14.53788,14.92248,112908
GDA,2025-06-24,14.9994,14.9994,14.84556,14.92248,80143
GDA,2025-06-25,14.92248,14.9994,14.84556,14.84556,27001
GDA,2025-06-26,14.92248,14.92248,14.69172,14.84556,38700
GDA,2025-06-27,14.69172,14.84556,14.38404,14.76864,22400
GDA,2025-06-30,14.76864,14.84556,14.76864,14.76864,108504
GDA,2025-07-01,14.76864,14.9994,14.69172,14.76864,66409
GDA,2025-07-02,14.76864,14.92248,14.69172,14.84556,48908
GDA,2025-07-03,14.92248,15.30708,14.84556,14.9994,172005
GDA,2025-07-04,15.07632,15.07632,14.84556,14.9994,38006
GDA,2025-07-07,15.384,15.384,15.07632,15.07632,46000
GDA,2025-07-08,15.23016,15.69168,15.07632,15.46092,205660
GDA,2025-07-09,15.384,15.61476,15.30708,15.384,76207
GDA,2025-07-10,15.384,15.384,15.07632,15.15324,156926
GDA,2025-07-11,15.30708,15.30708,14.92248,15.15324,156601
GDA,2025-07-14,15.07632,15.23016,14.9994,15.15324,139529
GDA,2025-07-15,15.15324,15.61476,15.15324,15.23016,239507
GDA,2025-07-16,15.46092,15.53784,15.30708,15.53784,158655
GDA,2025-07-17,15.53784,15.53784,15.23016,15.384,157451
GDA,2025-07-18,15.384,15.46092,15.15324,15.23016,121210
GDA,2025-07-21,15.30708,15.7686,15.30708,15.46092,166132
GDA,2025-07-22,15.53784,15.53784,15.384,15.46092,72039
GDA,2025-07-23,15.46092,16.07628,15.46092,15.61476,188210
GDA,2025-07-24,15.53784,15.92244,15.46092,15.7686,315425
GDA,2025-07-25,15.92244,15.92244,15.61476,15.69168,119765
GDA,2025-07-28,15.92244,17.307,15.92244,17.23008,673176
GDA,2025-07-29,17.307,17.53776,16.38396,16.61472,372592
GDA,2025-07-30,16.84548,17.38392,16.61472,17.15316,167109
GDA,2025-07-31,17.15316,17.15316,16.69164,16.84548,168861
GDA,2025-08-01,16.61472,16.84548,16.38396,16.69164,194080
GDA,2025-08-04,16.69164,16.69164,16.38396,16.61472,92161
GDA,2025-08-05,16.69164,16.9224,16.07628,16.5378,252711
GDA,2025-08-06,16.76856,16.84548,16.5378,16.76856,77465
GDA,2025-08-07,16.61472,17.07624,16.61472,16.99932,232817
GDA,2025-08-08,17.07624,17.84544,17.07624,17.84544,640194
GDA,2025-08-11,17.92236,18.61464,17.84544,18.23004,270813
GDA,2025-08-12,18.15312,18.4608,17.53776,17.99928,229331
GDA,2025-08-13,17.92236,18.15312,17.307,17.6916,281794
GDA,2025-08-14,17.99928,18.23004,17.61468,18.23004,272362
GDA,2025-08-15,18.30696,18.38388,16.9224,17.61468,567537
GDA,2025-08-18,18.15312,18.8454,18.0762,18.4608,582866
GDA,2025-08-19,18.4608,18.76848,18.15312,18.30696,453202
GDA,2025-08-20,18.4608,18.4608,17.6916,18.15312,366692
GDA,2025-08-21,18.0762,18.30696,17.6916,17.92236,189103
GDA,2025-08-22,17.99928,17.99928,17.307,17.61468,245997
GDA,2025-08-25,17.6916,18.0762,17.61468,17.99928,360736
GDA,2025-08-26,17.9,18.5,17.8,18.0,225202
GDA,2025-08-27,18.2,18.4,17.8,17.9,157731
GDA,2025-08-28,17.8,17.9,17.5,17.8,114347
GDA,2025-08-29,17.8,17.9,17.4,17.6,113414
GDA,2025-09-03,17.8,18.5,17.2,18.2,278926
GDA,2025-09-04,18.4,19.0,18.2,19.0,611452
GDA,2025-09-05,19.0,19.4,19.0,19.0,552168
GDA,2025-09-08,19.0,19.2,18.8,18.9,119500
